;FECHA;TMAX;TMIN;HR;PP
0;1978-10-01;28.0;21.6;94.9;0.0
1;1978-10-02;28.2;21.4;96.8;0.0
2;1978-10-03;26.2;19.8;96.2;0.0
3;1978-10-04;27.0;21.0;96.2;0.0
4;1978-10-05;26.2;20.8;95.6;0.0
5;1978-10-06;33.0;21.0;93.2;65.0
6;1978-10-07;25.4;22.0;97.9;0.0
7;1978-10-08;33.6;22.0;92.3;0.0
8;1978-10-09;24.0;21.4;;0.0
9;1978-10-10;33.0;22.4;92.1;0.0
10;1978-10-11;31.4;22.4;89.3;0.0
11;1978-10-12;32.2;21.8;91.4;80.0
12;1978-10-13;29.0;23.0;95.3;100.0
13;1978-10-14;29.4;21.0;94.2;0.0
14;1978-10-15;33.0;22.0;90.1;0.0
15;1978-10-16;33.4;22.0;87.5;0.0
16;1978-10-17;26.4;21.8;93.5;0.0
17;1978-10-18;28.5;21.0;95.7;40.0
18;1978-10-19;31.2;22.2;91.7;0.0
19;1978-10-20;30.2;22.6;93.6;0.0
20;1978-10-21;34.0;22.0;90.7;0.0
21;1978-10-22;28.2;21.0;96.3;0.0
22;1978-10-23;29.0;22.0;94.3;0.0
23;1978-10-24;33.0;22.0;87.6;0.0
24;1978-10-25;32.2;22.0;93.3;0.0
25;1978-10-26;24.4;22.0;95.4;40.0
26;1978-10-27;31.4;21.0;91.7;0.0
27;1978-10-28;33.6;21.4;91.4;0.0
28;1978-10-29;31.0;22.2;91.7;0.0
29;1978-10-30;30.3;23.0;93.3;0.0
30;1978-10-31;29.3;20.0;94.4;0.0
31;1978-11-01;29.3;22.0;82.3;0.0
32;1978-11-02;28.3;23.0;79.7;0.0
33;1978-11-03;29.3;21.0;78.3;0.0
34;1978-11-04;25.4;20.1;87.5;0.0
35;1978-11-05;28.3;20.1;76.1;0.0
36;1978-11-06;25.1;20.0;89.3;125.0
37;1978-11-07;34.0;20.0;73.0;0.0
38;1978-11-08;35.0;22.3;78.7;0.0
39;1978-11-09;34.0;23.2;;0.0
40;1978-11-10;31.1;20.1;82.8;45.0
41;1978-11-11;35.0;21.0;79.8;0.0
42;1978-11-12;36.0;24.0;82.0;0.0
43;1978-11-13;27.0;23.0;83.3;0.0
44;1978-11-14;33.0;20.4;69.3;0.0
45;1978-11-15;35.0;22.2;77.6;0.0
46;1978-11-16;34.0;23.0;82.1;0.0
47;1978-11-17;32.2;24.4;79.3;0.0
48;1978-11-18;28.3;23.0;76.7;0.0
49;1978-11-19;33.0;24.0;83.9;0.0
50;1978-11-20;33.0;23.5;86.1;0.0
51;1978-11-21;32.1;22.2;78.1;30.0
52;1978-11-22;30.0;24.0;85.3;0.0
53;1978-11-23;32.1;23.0;83.5;0.0
54;1978-11-24;30.1;23.0;82.1;0.0
55;1978-11-25;31.0;23.0;82.5;0.0
56;1978-11-26;32.2;24.0;;30.0
57;1978-11-27;29.0;24.0;85.9;90.0
58;1978-11-28;31.0;23.0;86.2;80.0
59;1978-11-29;29.0;22.2;81.8;40.0
60;1978-11-30;30.0;22.4;84.9;0.0
61;1978-12-01;25.8;21.6;;22.0
62;1978-12-02;26.8;18.8;;0.0
63;1978-12-03;30.2;17.0;;0.0
64;1978-12-04;30.0;20.0;;19.0
65;1978-12-05;30.8;21.2;;0.0
66;1978-12-06;30.0;22.0;;0.0
67;1978-12-07;32.5;22.0;;0.0
68;1978-12-08;32.8;20.0;;8.0
69;1978-12-09;32.0;20.2;;3.0
70;1978-12-10;27.0;20.4;;0.0
71;1978-12-11;32.2;21.2;;0.0
72;1978-12-12;25.8;17.0;;12.0
73;1978-12-13;30.6;18.0;;4.0
74;1978-12-14;30.8;19.8;;10.0
75;1978-12-15;30.8;21.0;;0.0
76;1978-12-16;31.0;21.0;;0.0
77;1978-12-17;29.0;21.2;;25.0
78;1978-12-18;30.6;20.2;;0.0
79;1978-12-19;33.0;22.0;;0.0
80;1978-12-20;33.6;21.2;;0.0
81;1978-12-21;32.8;19.8;;0.0
82;1978-12-22;29.0;21.0;;0.0
83;1978-12-23;29.8;21.0;;36.0
84;1978-12-24;31.2;19.0;;0.0
85;1978-12-25;29.8;20.2;;44.0
86;1978-12-26;32.2;21.2;;0.0
87;1978-12-27;32.4;19.8;;16.0
88;1978-12-28;30.6;19.2;;0.0
89;1978-12-29;30.6;21.2;;10.0
90;1978-12-30;31.0;20.0;;9.0
91;1978-12-31;32.2;20.0;;0.0
92;1979-01-01;34.2;23.0;93.2;0.0
93;1979-01-02;29.6;22.6;95.2;0.0
94;1979-01-03;31.4;23.0;88.9;0.0
95;1979-01-04;31.8;24.2;90.9;0.0
96;1979-01-05;30.0;22.2;;0.0
97;1979-01-06;32.2;25.4;89.7;0.0
98;1979-01-07;31.6;24.2;90.5;1.2
99;1979-01-08;34.0;23.0;89.6;11.0
100;1979-01-09;35.2;22.4;88.2;17.8
101;1979-01-10;32.4;24.0;89.2;21.2
102;1979-01-11;32.0;24.0;89.4;8.6
103;1979-01-12;32.0;24.0;95.8;17.8
104;1979-01-13;32.8;24.0;91.0;14.0
105;1979-01-14;31.0;24.8;93.2;0.0
106;1979-01-15;28.0;21.0;;0.0
107;1979-01-16;29.2;23.0;;0.0
108;1979-01-17;33.0;23.9;;2.4
109;1979-01-18;35.2;23.2;;0.0
110;1979-01-19;32.0;23.4;;0.0
111;1979-01-20;30.0;23.4;;0.0
112;1979-01-21;32.4;23.8;;5.4
113;1979-01-22;26.0;23.0;;21.6
114;1979-01-23;32.0;23.2;91.0;14.0
115;1979-01-24;32.6;23.0;91.2;0.0
116;1979-01-25;31.2;23.0;;0.0
117;1979-01-26;32.8;23.6;93.3;0.0
118;1979-01-27;33.0;22.8;93.8;0.0
119;1979-01-28;33.8;24.0;87.9;0.0
120;1979-01-29;31.4;22.8;93.5;1.4
121;1979-01-30;30.6;23.4;94.4;17.6
122;1979-01-31;31.6;23.0;88.8;0.0
123;1979-02-01;30.4;23.0;87.8;0.0
124;1979-02-02;31.6;24.4;91.8;0.0
125;1979-02-03;32.1;24.0;94.4;0.0
126;1979-02-04;33.0;23.4;89.0;0.0
127;1979-02-05;32.4;;;0.0
128;1979-02-06;31.4;24.0;94.4;0.0
129;1979-02-07;31.2;23.8;92.3;0.0
130;1979-02-08;34.6;23.2;92.5;0.0
131;1979-02-09;34.8;23.4;90.3;0.0
132;1979-02-10;32.0;23.6;88.6;1.0
133;1979-02-11;31.6;24.0;88.7;31.6
134;1979-02-12;28.4;23.0;94.4;26.3
135;1979-02-13;31.2;23.4;;1.2
136;1979-02-14;33.0;22.8;90.9;1.0
137;1979-02-15;32.4;22.4;89.1;0.0
138;1979-02-16;29.2;22.8;;0.0
139;1979-02-17;31.0;24.4;93.0;0.9
140;1979-02-18;32.0;25.0;91.0;0.0
141;1979-02-19;32.6;23.4;89.3;0.0
142;1979-02-20;31.8;24.0;86.5;0.0
143;1979-02-21;32.0;23.6;87.0;0.0
144;1979-02-22;30.6;24.0;88.1;0.0
145;1979-02-23;32.0;24.4;89.4;0.0
146;1979-02-24;30.0;22.0;91.6;0.0
147;1979-02-25;30.6;22.8;89.9;20.0
148;1979-02-26;32.0;23.6;87.6;0.0
149;1979-02-27;33.2;24.0;88.2;0.0
150;1979-02-28;29.6;24.6;91.4;0.0
151;1979-03-01;28.2;23.4;90.5;0.0
152;1979-03-02;27.0;21.4;96.8;20.0
153;1979-03-03;28.0;22.0;95.3;0.0
154;1979-03-04;27.4;22.0;95.2;1.0
155;1979-03-05;28.0;21.2;93.7;20.6
156;1979-03-06;26.0;20.4;93.6;30.4
157;1979-03-07;28.4;21.2;91.7;6.0
158;1979-03-08;27.0;22.0;93.2;25.0
159;1979-03-09;28.2;20.4;95.2;30.7
160;1979-03-10;29.4;21.0;93.0;0.0
161;1979-03-11;28.4;21.2;89.8;30.5
162;1979-03-12;29.4;22.0;93.7;0.0
163;1979-03-13;31.0;21.2;94.9;0.0
164;1979-03-14;31.4;21.4;91.3;0.0
165;1979-03-15;30.4;23.0;91.1;0.0
166;1979-03-16;30.6;22.4;91.2;1.0
167;1979-03-17;31.4;21.6;92.9;0.0
168;1979-03-18;30.2;22.0;90.6;0.0
169;1979-03-19;31.4;21.8;90.1;0.0
170;1979-03-20;30.0;21.0;90.7;31.2
171;1979-03-21;34.0;22.2;90.4;0.0
172;1979-03-22;33.0;22.4;90.6;62.6
173;1979-03-23;34.0;24.0;91.9;0.0
174;1979-03-24;27.4;22.4;95.8;25.0
175;1979-03-25;30.0;23.0;93.9;0.0
176;1979-03-26;27.4;21.4;95.2;0.0
177;1979-03-27;30.6;21.0;94.2;0.0
178;1979-03-28;30.0;20.8;90.7;0.0
179;1979-03-29;31.4;21.8;90.9;0.0
180;1979-03-30;31.6;22.0;89.2;0.0
181;1979-03-31;31.4;20.4;92.6;30.0
182;1979-04-01;27.0;22.0;94.7;0.0
183;1979-04-02;28.4;21.4;93.3;0.0
184;1979-04-03;30.4;22.6;92.1;0.0
185;1979-04-04;31.2;23.4;86.8;0.0
186;1979-04-05;30.4;22.0;89.6;0.0
187;1979-04-06;31.6;19.8;89.1;0.0
188;1979-04-07;29.6;19.4;95.3;0.0
189;1979-04-08;27.8;19.0;94.7;0.0
190;1979-04-09;30.4;20.4;91.3;0.0
191;1979-04-10;27.0;19.6;95.1;30.0
192;1979-04-11;30.0;20.0;90.8;0.0
193;1979-04-12;29.2;19.6;91.6;0.0
194;1979-04-13;30.6;20.6;91.4;40.0
195;1979-04-14;26.4;18.4;96.2;0.0
196;1979-04-15;26.0;17.0;95.1;30.0
197;1979-04-16;30.0;20.0;90.3;0.0
198;1979-04-17;29.8;21.4;88.6;0.0
199;1979-04-18;29.0;20.6;92.6;0.0
200;1979-04-19;27.6;21.1;89.5;20.0
201;1979-04-20;27.0;20.4;86.2;0.0
202;1979-04-21;31.0;21.6;94.0;0.0
203;1979-04-22;30.6;21.6;89.5;0.0
204;1979-04-23;30.8;20.8;91.7;0.0
205;1979-04-24;31.4;19.4;92.0;0.0
206;1979-04-25;32.0;19.0;93.6;0.0
207;1979-04-26;30.0;21.0;92.5;40.0
208;1979-04-27;31.4;20.6;88.9;0.0
209;1979-04-28;31.6;21.6;90.7;0.0
210;1979-04-29;31.8;22.0;92.1;0.0
211;1979-04-30;30.6;21.4;93.3;0.0
212;1979-07-01;;;;0.0
213;1979-07-02;;;;0.0
214;1979-07-03;;;;29.0
215;1979-07-04;;;;4.0
216;1979-07-05;;;;3.0
217;1979-07-06;;;;0.0
218;1979-07-07;;;;0.0
219;1979-07-08;;;;0.0
220;1979-07-09;;;;3.0
221;1979-07-10;;;;0.0
222;1979-07-11;;;;0.0
223;1979-07-12;;;;0.0
224;1979-07-13;;;;0.0
225;1979-07-14;;;;0.0
226;1979-07-15;;;;6.0
227;1979-07-16;;;;59.0
228;1979-07-17;;;;3.0
229;1979-07-18;;;;6.0
230;1979-07-19;;;;42.0
231;1979-07-20;;;;67.0
232;1979-07-21;;;;2.0
233;1979-07-22;;;;2.0
234;1979-07-23;;;;9.0
235;1979-07-24;;;;0.0
236;1979-07-25;;;;2.0
237;1979-07-26;;;;2.0
238;1979-07-27;;;;0.0
239;1979-07-28;;;;0.0
240;1979-07-29;;;;0.0
241;1979-07-30;;;;0.0
242;1979-07-31;;;;9.0
243;1980-04-01;31.0;21.2;84.9;27.0
244;1980-04-02;29.6;20.0;87.7;0.0
245;1980-04-03;30.4;21.4;84.2;0.0
246;1980-04-04;31.2;21.2;85.3;10.0
247;1980-04-05;29.6;20.8;87.3;0.0
248;1980-04-06;30.4;21.4;85.6;0.0
249;1980-04-07;31.4;22.4;85.3;10.0
250;1980-04-08;31.2;21.0;86.1;0.0
251;1980-04-09;31.0;21.8;85.5;0.0
252;1980-04-10;30.0;22.0;88.1;0.0
253;1980-04-11;29.8;21.4;89.8;0.0
254;1980-04-12;30.4;22.0;88.0;0.0
255;1980-04-13;31.2;22.0;85.3;0.0
256;1980-04-14;29.8;21.8;91.0;17.0
257;1980-04-15;30.4;22.0;88.7;19.0
258;1980-04-16;31.4;21.8;83.2;0.0
259;1980-04-17;31.4;22.0;84.4;0.0
260;1980-04-18;30.6;21.4;86.9;0.0
261;1980-04-19;31.6;20.8;86.5;10.0
262;1980-04-20;30.2;21.4;86.1;0.0
263;1980-04-21;30.2;22.0;83.6;0.0
264;1980-04-22;30.0;21.4;86.4;0.0
265;1980-04-23;29.8;22.0;91.4;19.0
266;1980-04-24;28.8;21.4;92.4;10.0
267;1980-04-25;29.8;22.0;85.5;0.0
268;1980-04-26;26.8;21.4;89.7;0.0
269;1980-04-27;31.0;22.0;86.0;0.0
270;1980-04-28;30.6;21.4;87.2;0.0
271;1980-04-29;31.4;20.6;86.1;19.0
272;1980-04-30;31.0;20.0;90.2;0.0
273;1980-05-01;33.2;22.2;81.5;0.0
274;1980-05-02;31.4;21.4;82.7;0.0
275;1980-05-03;30.8;21.8;83.8;1.6
276;1980-05-04;31.4;22.4;87.8;0.0
277;1980-05-05;31.6;22.8;84.3;1.4
278;1980-05-06;30.4;22.0;87.7;0.0
279;1980-05-07;31.6;21.4;83.4;0.0
280;1980-05-08;32.4;21.8;79.6;31.4
281;1980-05-09;31.8;21.0;84.9;3.4
282;1980-05-10;31.6;21.4;84.1;0.0
283;1980-05-11;31.4;21.8;84.9;0.0
284;1980-05-12;31.2;21.6;83.7;0.0
285;1980-05-13;30.6;20.4;82.9;40.8
286;1980-05-14;32.4;21.8;84.6;0.0
287;1980-05-15;32.8;22.6;87.3;1.4
288;1980-05-16;31.6;23.0;86.4;0.0
289;1980-05-17;31.8;21.4;82.0;7.6
290;1980-05-18;30.4;20.8;88.2;0.0
291;1980-05-19;31.6;21.6;83.3;19.2
292;1980-05-20;31.0;21.8;83.4;0.0
293;1980-05-21;29.8;22.2;85.3;0.0
294;1980-05-22;33.0;22.8;84.3;0.2
295;1980-05-23;31.8;21.4;82.2;0.0
296;1980-05-24;31.4;23.0;80.9;0.0
297;1980-05-25;30.6;22.4;85.1;1.8
298;1980-05-26;31.8;22.6;85.4;2.2
299;1980-05-27;31.4;21.4;85.7;0.0
300;1980-05-28;31.8;21.4;82.7;0.0
301;1980-05-29;31.6;21.6;81.8;0.0
302;1980-05-30;31.8;22.0;85.0;0.0
303;1980-05-31;31.4;21.4;86.4;0.0
304;1980-06-01;27.0;22.0;88.6;0.0
305;1980-06-02;29.0;23.0;96.9;0.0
306;1980-06-03;27.4;23.2;94.7;0.0
307;1980-06-04;30.0;23.6;95.8;0.0
308;1980-06-05;28.0;22.8;94.3;40.0
309;1980-06-06;27.8;24.2;94.3;0.0
310;1980-06-07;28.0;24.4;92.7;0.0
311;1980-06-08;28.2;20.0;98.2;0.0
312;1980-06-09;29.0;23.0;90.3;0.0
313;1980-06-10;31.0;22.4;90.2;0.0
314;1980-06-11;30.2;22.6;95.2;4.0
315;1980-06-12;32.0;23.0;94.0;0.0
316;1980-06-13;29.0;22.8;95.9;0.0
317;1980-06-14;30.4;24.5;91.0;4.0
318;1980-06-15;30.0;23.8;90.3;0.0
319;1980-06-16;30.0;23.0;89.4;0.0
320;1980-06-17;29.8;23.6;89.8;0.0
321;1980-06-18;29.8;22.0;91.2;0.0
322;1980-06-19;29.0;25.0;91.6;0.0
323;1980-06-20;28.8;24.8;86.8;0.0
324;1980-06-21;29.8;24.0;88.1;0.0
325;1980-06-22;30.0;25.0;89.0;2.0
326;1980-06-23;27.0;20.0;97.1;0.0
327;1980-06-24;27.0;21.0;94.0;0.0
328;1980-06-25;28.0;20.0;86.0;0.0
329;1980-06-26;29.0;22.0;83.3;0.0
330;1980-06-27;28.6;21.2;89.3;10.0
331;1980-06-28;27.0;21.4;90.3;0.0
332;1980-06-29;33.0;21.8;86.8;0.0
333;1980-06-30;30.0;20.0;91.4;0.0
334;1980-07-01;28.0;20.0;93.8;0.0
335;1980-07-02;32.0;19.0;92.4;0.0
336;1980-07-03;31.0;26.0;93.0;0.0
337;1980-07-04;29.0;24.0;91.3;0.0
338;1980-07-05;30.6;24.8;97.0;0.0
339;1980-07-06;27.0;22.0;98.4;0.0
340;1980-07-07;25.0;20.0;93.0;0.0
341;1980-07-08;32.2;24.0;97.4;0.0
342;1980-07-09;30.0;22.0;96.9;0.0
343;1980-07-10;31.8;22.8;95.3;0.0
344;1980-07-11;30.6;21.0;96.4;0.0
345;1980-07-12;29.8;19.0;96.3;0.0
346;1980-07-13;32.0;23.0;95.2;0.0
347;1980-07-14;30.0;23.6;94.4;0.0
348;1980-07-15;30.4;24.2;94.5;0.0
349;1980-07-16;30.0;23.6;96.2;0.0
350;1980-07-17;31.5;25.0;91.0;0.0
351;1980-07-18;32.0;22.0;93.4;0.0
352;1980-07-19;33.2;21.0;93.9;0.0
353;1980-07-20;29.8;24.0;95.4;0.0
354;1980-07-21;29.0;24.0;95.4;0.0
355;1980-07-22;26.2;22.0;96.1;0.0
356;1980-07-23;27.0;20.0;95.8;0.0
357;1980-07-24;30.0;21.2;97.0;0.0
358;1980-07-25;33.0;22.2;96.1;0.0
359;1980-07-26;31.0;23.0;95.1;0.0
360;1980-07-27;32.0;23.0;94.0;0.0
361;1980-07-28;32.0;21.0;94.0;0.0
362;1980-07-29;30.0;22.8;96.4;0.0
363;1980-07-30;29.0;23.0;92.9;0.0
364;1980-07-31;;;;0.0
365;2011-03-01;;;;6.5
366;2011-03-02;;;;16.8
367;2011-03-03;;;;45.0
368;2011-03-04;;;;43.5
369;2011-03-05;;;;2.0
370;2011-03-06;;;;2.4
371;2011-03-07;;;;4.0
372;2011-03-08;;;;3.7
373;2011-03-09;;;;13.8
374;2011-03-10;;;;0.0
375;2011-03-11;;;;0.0
376;2011-03-12;;;;13.4
377;2011-03-13;;;;4.5
378;2011-03-14;;;;0.0
379;2011-03-15;;;;0.0
380;2011-03-16;;;;0.0
381;2011-03-17;;;;27.0
382;2011-03-18;;;;1.0
383;2011-03-19;;;;40.0
384;2011-03-20;;;;5.0
385;2011-03-21;;;;68.0
386;2011-03-22;;;;4.0
387;2011-03-23;;;;10.7
388;2011-03-24;;;;80.0
389;2011-03-25;;;;40.0
390;2011-03-26;;;;7.0
391;2011-03-27;;;;78.0
392;2011-03-28;;;;9.0
393;2011-03-29;;;;0.0
394;2011-03-30;;;;0.0
395;2011-03-31;;;;0.0
396;2011-04-01;;;;0.0
397;2011-04-01;;;;43.0
398;2011-04-02;;;;0.0
399;2011-04-03;;;;10.0
400;2011-04-04;;;;39.0
401;2011-04-05;;;;12.0
402;2011-04-06;;;;45.7
403;2011-04-07;;;;0.0
404;2011-04-08;;;;25.8
405;2011-04-09;;;;10.0
406;2011-04-10;;;;0.0
407;2011-04-11;;;;0.0
408;2011-04-12;;;;0.0
409;2011-04-13;;;;0.0
410;2011-04-14;;;;15.8
411;2011-04-15;;;;20.4
412;2011-04-16;;;;0.0
413;2011-04-17;;;;115.5
414;2011-04-18;;;;111.5
415;2011-04-19;;;;92.6
416;2011-04-20;;;;65.0
417;2011-04-21;;;;23.5
418;2011-04-22;;;;35.7
419;2011-04-23;;;;0.0
420;2011-04-24;;;;70.0
421;2011-04-25;;;;63.5
422;2011-04-26;;;;58.6
423;2011-04-27;;;;40.0
424;2011-04-28;;;;64.7
425;2011-04-29;;;;0.0
426;2011-04-30;;;;28.7
427;2011-05-01;;;;0.0
428;2011-05-01;;;;0.0
429;2011-05-02;;;;0.0
430;2011-05-03;;;;0.0
431;2011-05-04;;;;0.0
432;2011-05-05;;;;0.0
433;2011-05-06;;;;0.0
434;2011-05-07;;;;0.0
435;2011-05-08;;;;0.0
436;2011-05-09;;;;50.3
437;2011-05-10;;;;20.0
438;2011-05-11;;;;0.0
439;2011-05-12;;;;0.0
440;2011-05-13;;;;0.0
441;2011-05-14;;;;0.0
442;2011-05-15;;;;0.0
443;2011-05-16;;;;0.0
444;2011-05-17;;;;0.0
445;2011-05-18;;;;17.9
446;2011-05-19;;;;40.5
447;2011-05-20;;;;7.0
448;2011-05-21;;;;0.0
449;2011-05-22;;;;21.7
450;2011-05-23;;;;1.5
451;2011-05-24;;;;0.0
452;2011-05-25;;;;0.0
453;2011-05-26;;;;49.8
454;2011-05-27;;;;19.5
455;2011-05-28;;;;0.0
456;2011-05-29;;;;0.0
457;2011-05-30;;;;0.0
458;2011-05-31;;;;0.0
459;2011-06-01;;;;0.0
460;2011-07-01;;;;98.9
461;2011-07-02;;;;17.5
462;2011-07-03;;;;50.3
463;2011-07-04;;;;9.9
464;2011-07-05;;;;6.7
465;2011-07-06;;;;0.0
466;2011-07-07;;;;12.3
467;2011-07-08;;;;0.0
468;2011-07-09;;;;0.0
469;2011-07-10;;;;6.0
470;2011-07-11;;;;10.0
471;2011-07-12;;;;0.0
472;2011-07-13;;;;0.0
473;2011-07-14;;;;0.0
474;2011-07-15;;;;71.5
475;2011-07-16;;;;0.0
476;2011-07-17;;;;3.7
477;2011-07-18;;;;33.7
478;2011-07-19;;;;0.0
479;2011-07-20;;;;0.0
480;2011-07-21;;;;0.0
481;2011-07-22;;;;6.0
482;2011-07-23;;;;78.5
483;2011-07-24;;;;0.0
484;2011-07-25;;;;0.0
485;2011-07-26;;;;19.5
486;2011-07-27;;;;11.0
487;2011-07-28;;;;0.0
488;2011-07-29;;;;0.0
489;2011-07-30;;;;11.0
490;2011-07-31;;;;0.0
491;2011-08-01;;;;0.0
492;2011-08-02;;;;0.0
493;2011-08-03;;;;14.6
494;2011-08-04;;;;13.2
495;2011-08-05;;;;0.0
496;2011-08-06;;;;0.0
497;2011-08-07;;;;6.9
498;2011-08-08;;;;0.0
499;2011-08-09;;;;21.0
500;2011-08-10;;;;0.0
501;2011-08-11;;;;0.0
502;2011-08-12;;;;0.0
503;2011-08-13;;;;0.0
504;2011-08-14;;;;27.9
505;2011-08-15;;;;0.0
506;2011-08-16;;;;0.0
507;2011-08-17;;;;0.0
508;2011-08-18;;;;0.0
509;2011-08-19;;;;0.0
510;2011-08-20;;;;6.0
511;2011-08-21;;;;40.0
512;2011-08-22;;;;0.0
513;2011-08-23;;;;0.0
514;2011-08-24;;;;0.0
515;2011-08-25;;;;0.0
516;2011-08-26;;;;0.0
517;2011-08-27;;;;0.0
518;2011-08-28;;;;6.5
519;2011-08-29;;;;9.0
520;2011-08-30;;;;0.0
521;2011-08-31;;;;17.5
522;2011-08-01;;;;0.0
523;2011-08-02;;;;0.0
524;2011-08-03;;;;14.6
525;2011-08-04;;;;13.2
526;2011-08-05;;;;0.0
527;2011-08-06;;;;0.0
528;2011-08-07;;;;6.9
529;2011-08-08;;;;0.0
530;2011-08-09;;;;21.0
531;2011-08-10;;;;0.0
532;2011-08-11;;;;0.0
533;2011-08-12;;;;0.0
534;2011-08-13;;;;0.0
535;2011-08-14;;;;27.9
536;2011-08-15;;;;0.0
537;2011-08-16;;;;0.0
538;2011-08-17;;;;0.0
539;2011-08-18;;;;0.0
540;2011-08-19;;;;0.0
541;2011-08-20;;;;6.0
542;2011-08-21;;;;40.0
543;2011-08-22;;;;0.0
544;2011-08-23;;;;0.0
545;2011-08-24;;;;0.0
546;2011-08-25;;;;0.0
547;2011-08-26;;;;0.0
548;2011-08-27;;;;0.0
549;2011-08-28;;;;6.5
550;2011-08-29;;;;9.0
551;2011-08-30;;;;0.0
552;2011-08-31;;;;0.0
553;2011-09-01;;;;0.0
554;2011-09-01;;;;4.0
555;2011-09-02;;;;0.0
556;2011-09-03;;;;8.9
557;2011-09-04;;;;0.0
558;2011-09-05;;;;0.0
559;2011-09-06;;;;0.0
560;2011-09-07;;;;0.0
561;2011-09-08;;;;0.0
562;2011-09-09;;;;0.0
563;2011-09-10;;;;4.0
564;2011-09-11;;;;0.0
565;2011-09-12;;;;43.9
566;2011-09-13;;;;0.0
567;2011-09-14;;;;0.0
568;2011-09-15;;;;0.0
569;2011-09-16;;;;145.0
570;2011-09-17;;;;5.0
571;2011-09-18;;;;42.0
572;2011-09-19;;;;67.5
573;2011-09-20;;;;0.0
574;2011-09-21;;;;23.9
575;2011-09-22;;;;0.0
576;2011-09-23;;;;0.0
577;2011-09-24;;;;102.0
578;2011-09-25;;;;11.0
579;2011-09-26;;;;98.5
580;2011-09-27;;;;0.0
581;2011-09-28;;;;36.8
582;2011-09-29;;;;0.0
583;2011-09-30;;;;0.0
584;2011-10-01;;;;4.0
585;2011-10-02;;;;15.5
586;2011-10-03;;;;7.0
587;2011-10-04;;;;12.0
588;2011-10-05;;;;0.0
589;2011-10-06;;;;24.0
590;2011-10-07;;;;5.0
591;2011-10-08;;;;22.6
592;2011-10-09;;;;0.0
593;2011-10-10;;;;0.0
594;2011-10-11;;;;0.0
595;2011-10-12;;;;0.0
596;2011-10-13;;;;0.0
597;2011-10-14;;;;0.0
598;2011-10-15;;;;0.0
599;2011-10-16;;;;0.0
600;2011-10-17;;;;0.0
601;2011-10-18;;;;0.0
602;2011-10-19;;;;0.0
603;2011-10-20;;;;0.0
604;2011-10-21;;;;0.0
605;2011-10-22;;;;10.0
606;2011-10-23;;;;5.0
607;2011-10-24;;;;0.0
608;2011-10-25;;;;0.0
609;2011-10-26;;;;10.0
610;2011-10-27;;;;80.0
611;2011-10-28;;;;0.0
612;2011-10-29;;;;0.0
613;2011-10-30;;;;0.0
614;2011-10-31;;;;0.0
615;2011-10-01;;;;4.0
616;2011-10-02;;;;15.5
617;2011-10-03;;;;7.0
618;2011-10-04;;;;12.0
619;2011-10-05;;;;0.0
620;2011-10-06;;;;24.0
621;2011-10-07;;;;5.0
622;2011-10-08;;;;22.6
623;2011-10-09;;;;0.0
624;2011-10-10;;;;0.0
625;2011-10-11;;;;0.0
626;2011-10-12;;;;0.0
627;2011-10-13;;;;0.0
628;2011-10-14;;;;0.0
629;2011-10-15;;;;0.0
630;2011-10-16;;;;0.0
631;2011-10-17;;;;0.0
632;2011-10-18;;;;0.0
633;2011-10-19;;;;0.0
634;2011-10-20;;;;0.0
635;2011-10-21;;;;0.0
636;2011-10-22;;;;10.0
637;2011-10-23;;;;5.0
638;2011-10-24;;;;0.0
639;2011-10-25;;;;0.0
640;2011-10-26;;;;10.0
641;2011-10-27;;;;80.0
642;2011-10-28;;;;0.0
643;2011-10-29;;;;0.0
644;2011-10-30;;;;0.0
645;2011-10-31;;;;0.0
646;2011-11-01;;;;0.0
647;2011-11-01;;;;5.0
648;2011-11-02;;;;0.0
649;2011-11-03;;;;23.5
650;2011-11-04;;;;0.0
651;2011-11-05;;;;0.0
652;2011-11-06;;;;2.5
653;2011-11-07;;;;18.5
654;2011-11-08;;;;0.0
655;2011-11-09;;;;0.0
656;2011-11-10;;;;0.0
657;2011-11-11;;;;34.7
658;2011-11-12;;;;0.0
659;2011-11-13;;;;0.0
660;2011-11-14;;;;11.5
661;2011-11-15;;;;12.6
662;2011-11-16;;;;0.0
663;2011-11-17;;;;4.9
664;2011-11-18;;;;1.8
665;2011-11-19;;;;6.5
666;2011-11-20;;;;0.0
667;2011-11-21;;;;0.0
668;2011-11-22;;;;0.0
669;2011-11-23;;;;8.0
670;2011-11-24;;;;2.0
671;2011-11-25;;;;0.0
672;2011-11-26;;;;5.7
673;2011-11-27;;;;0.0
674;2011-11-28;;;;0.0
675;2011-11-29;;;;1.0
676;2011-11-30;;;;0.0
677;2011-12-01;;;;54.8
678;2011-12-02;;;;0.0
679;2011-12-03;;;;15.9
680;2011-12-04;;;;34.8
681;2011-12-05;;;;0.0
682;2011-12-06;;;;69.0
683;2011-12-07;;;;1.0
684;2011-12-08;;;;35.5
685;2011-12-09;;;;58.3
686;2011-12-10;;;;0.0
687;2011-12-11;;;;0.0
688;2011-12-12;;;;0.0
689;2011-12-13;;;;0.0
690;2011-12-14;;;;0.0
691;2011-12-15;;;;30.0
692;2011-12-16;;;;2.0
693;2011-12-17;;;;0.0
694;2011-12-18;;;;3.0
695;2011-12-19;;;;33.9
696;2011-12-20;;;;8.3
697;2011-12-21;;;;29.8
698;2011-12-22;;;;0.0
699;2011-12-23;;;;0.0
700;2011-12-24;;;;0.0
701;2011-12-25;;;;29.5
702;2011-12-26;;;;35.0
703;2011-12-27;;;;0.0
704;2011-12-28;;;;0.0
705;2011-12-29;;;;0.0
706;2011-12-30;;;;23.0
707;2011-12-31;;;;0.0
708;2012-01-01;;;;34.7
709;2012-01-02;;;;0.0
710;2012-01-03;;;;14.1
711;2012-01-04;;;;38.4
712;2012-01-05;;;;0.0
713;2012-01-06;;;;0.0
714;2012-01-07;;;;15.0
715;2012-01-08;;;;9.0
716;2012-01-09;;;;6.7
717;2012-01-10;;;;0.0
718;2012-01-11;;;;10.0
719;2012-01-12;;;;27.2
720;2012-01-13;;;;12.5
721;2012-01-14;;;;4.0
722;2012-01-15;;;;0.0
723;2012-01-16;;;;0.0
724;2012-01-17;;;;0.0
725;2012-01-18;;;;0.0
726;2012-01-19;;;;35.0
727;2012-01-20;;;;113.7
728;2012-01-21;;;;0.0
729;2012-01-22;;;;0.0
730;2012-01-23;;;;0.0
731;2012-01-24;;;;1.0
732;2012-01-25;;;;0.0
733;2012-01-26;;;;0.0
734;2012-01-27;;;;3.0
735;2012-01-28;;;;1.0
736;2012-01-29;;;;3.3
737;2012-01-30;;;;0.0
738;2012-01-31;;;;0.0
739;2012-02-01;;;;2.7
740;2012-02-02;;;;50.5
741;2012-02-03;;;;19.0
742;2012-02-04;;;;25.0
743;2012-02-05;;;;23.4
744;2012-02-06;;;;12.0
745;2012-02-07;;;;7.0
746;2012-02-08;;;;24.6
747;2012-02-09;;;;0.0
748;2012-02-10;;;;21.0
749;2012-02-11;;;;14.8
750;2012-02-12;;;;0.0
751;2012-02-13;;;;15.0
752;2012-02-14;;;;4.0
753;2012-02-15;;;;4.0
754;2012-02-16;;;;0.0
755;2012-02-17;;;;0.0
756;2012-02-18;;;;20.0
757;2012-02-19;;;;1.0
758;2012-02-20;;;;9.5
759;2012-02-21;;;;3.0
760;2012-02-22;;;;0.0
761;2012-02-23;;;;0.0
762;2012-02-24;;;;0.0
763;2012-02-25;;;;0.0
764;2012-02-26;;;;9.6
765;2012-02-27;;;;41.0
766;2012-02-28;;;;0.0
767;2012-02-29;;;;0.0
768;2012-03-01;;;;13.3
769;2012-03-02;;;;12.5
770;2012-03-03;;;;19.3
771;2012-03-04;;;;2.0
772;2012-03-05;;;;38.1
773;2012-03-06;;;;0.0
774;2012-03-07;;;;40.5
775;2012-03-08;;;;14.2
776;2012-03-09;;;;13.0
777;2012-03-10;;;;0.0
778;2012-03-11;;;;0.0
779;2012-03-12;;;;0.0
780;2012-03-13;;;;0.0
781;2012-03-14;;;;0.0
782;2012-03-15;;;;0.0
783;2012-03-16;;;;0.0
784;2012-03-17;;;;0.0
785;2012-03-18;;;;0.0
786;2012-03-19;;;;0.0
787;2012-03-20;;;;0.0
788;2012-03-21;;;;0.0
789;2012-03-22;;;;0.0
790;2012-03-23;;;;0.0
791;2012-03-24;;;;0.0
792;2012-03-25;;;;0.0
793;2012-03-26;;;;0.0
794;2012-03-27;;;;0.0
795;2012-03-28;;;;0.0
796;2012-03-29;;;;0.0
797;2012-03-30;;;;0.0
798;2012-03-31;;;;0.0
799;2012-04-01;;;;0.0
800;2012-04-02;;;;0.0
801;2012-04-03;;;;0.0
802;2012-04-04;;;;0.0
803;2012-04-05;;;;0.0
804;2012-04-06;;;;0.0
805;2012-04-07;;;;0.0
806;2012-04-08;;;;0.0
807;2012-04-09;;;;0.0
808;2012-04-10;;;;0.0
809;2012-04-11;;;;0.0
810;2012-04-12;;;;1.0
811;2012-04-13;;;;2.0
812;2012-04-14;;;;4.0
813;2012-04-15;;;;9.2
814;2012-04-16;;;;27.5
815;2012-04-17;;;;0.0
816;2012-04-18;;;;0.0
817;2012-04-19;;;;0.0
818;2012-04-20;;;;38.3
819;2012-04-21;;;;0.0
820;2012-04-22;;;;32.8
821;2012-04-23;;;;0.0
822;2012-04-24;;;;0.0
823;2012-04-25;;;;0.0
824;2012-04-26;;;;0.0
825;2012-04-27;;;;0.0
826;2012-04-28;;;;8.4
827;2012-04-29;;;;0.0
828;2012-04-30;;;;0.0
829;2012-05-01;;;;19.7
830;2012-05-02;;;;0.0
831;2012-05-03;;;;26.9
832;2012-05-04;;;;0.0
833;2012-05-05;;;;0.0
834;2012-05-06;;;;5.2
835;2012-05-07;;;;3.9
836;2012-05-08;;;;0.0
837;2012-05-09;;;;0.0
838;2012-05-10;;;;0.0
839;2012-05-11;;;;21.0
840;2012-05-12;;;;0.0
841;2012-05-13;;;;8.9
842;2012-05-14;;;;7.2
843;2012-05-15;;;;8.1
844;2012-05-16;;;;0.0
845;2012-05-17;;;;2.9
846;2012-05-18;;;;0.0
847;2012-05-19;;;;21.6
848;2012-05-20;;;;30.0
849;2012-05-21;;;;79.3
850;2012-05-22;;;;15.2
851;2012-05-23;;;;0.0
852;2012-05-24;;;;19.4
853;2012-05-25;;;;18.6
854;2012-05-26;;;;30.1
855;2012-05-27;;;;5.0
856;2012-05-28;;;;35.8
857;2012-05-29;;;;18.6
858;2012-05-30;;;;32.4
859;2012-05-31;;;;0.0
860;2012-06-01;;;;28.7
861;2012-06-02;;;;15.9
862;2012-06-03;;;;0.0
863;2012-06-04;;;;37.5
864;2012-06-05;;;;44.5
865;2012-06-06;;;;54.3
866;2012-06-07;;;;6.5
867;2012-06-08;;;;0.0
868;2012-06-09;;;;0.0
869;2012-06-10;;;;8.0
870;2012-06-11;;;;0.0
871;2012-06-12;;;;0.0
872;2012-06-13;;;;0.0
873;2012-06-14;;;;0.0
874;2012-06-15;;;;0.0
875;2012-06-16;;;;0.0
876;2012-06-17;;;;3.0
877;2012-06-18;;;;12.0
878;2012-06-19;;;;6.2
879;2012-06-20;;;;0.0
880;2012-06-21;;;;0.0
881;2012-06-22;;;;41.0
882;2012-06-23;;;;20.0
883;2012-06-24;;;;0.0
884;2012-06-25;;;;60.0
885;2012-06-26;;;;9.3
886;2012-06-27;;;;9.5
887;2012-06-28;;;;7.3
888;2012-06-29;;;;37.9
889;2012-06-30;;;;0.0
890;2012-07-01;;;;6.4
891;2012-07-02;;;;0.0
892;2012-07-03;;;;4.2
893;2012-07-04;;;;0.0
894;2012-07-05;;;;0.0
895;2012-07-06;;;;0.0
896;2012-07-07;;;;0.0
897;2012-07-08;;;;0.0
898;2012-07-09;;;;0.0
899;2012-07-10;;;;0.0
900;2012-07-11;;;;0.0
901;2012-07-12;;;;0.0
902;2012-07-13;;;;3.0
903;2012-07-14;;;;0.0
904;2012-07-15;;;;0.0
905;2012-07-16;;;;0.0
906;2012-07-17;;;;0.0
907;2012-07-18;;;;0.0
908;2012-07-19;;;;6.7
909;2012-07-20;;;;0.0
910;2012-07-21;;;;0.0
911;2012-07-22;;;;0.0
912;2012-07-23;;;;0.0
913;2012-07-24;;;;0.0
914;2012-07-25;;;;0.0
915;2012-07-26;;;;0.0
916;2012-07-27;;;;25.7
917;2012-07-28;;;;4.0
918;2012-07-29;;;;0.0
919;2012-07-30;;;;0.0
920;2012-07-31;;;;21.0
921;2012-08-01;;;;0.0
922;2012-08-02;;;;0.0
923;2012-08-03;;;;0.0
924;2012-08-04;;;;0.0
925;2012-08-05;;;;31.2
926;2012-08-06;;;;7.8
927;2012-08-07;;;;0.0
928;2012-08-08;;;;0.0
929;2012-08-09;;;;0.0
930;2012-08-10;;;;0.0
931;2012-08-11;;;;0.0
932;2012-08-12;;;;0.0
933;2012-08-13;;;;20.0
934;2012-08-14;;;;0.0
935;2012-08-15;;;;0.0
936;2012-08-16;;;;6.3
937;2012-08-17;;;;0.0
938;2012-08-18;;;;0.0
939;2012-08-19;;;;0.0
940;2012-08-20;;;;0.0
941;2012-08-21;;;;0.0
942;2012-08-22;;;;0.0
943;2012-08-23;;;;0.0
944;2012-08-24;;;;0.0
945;2012-08-25;;;;0.0
946;2012-08-26;;;;40.0
947;2012-08-27;;;;10.2
948;2012-08-28;;;;0.0
949;2012-08-29;;;;0.0
950;2012-08-30;;;;0.0
951;2012-08-31;;;;0.0
952;2012-09-01;;;;0.0
953;2012-09-02;;;;0.0
954;2012-09-03;;;;35.0
955;2012-09-04;;;;0.0
956;2012-09-05;;;;1.0
957;2012-09-06;;;;0.0
958;2012-09-07;;;;0.0
959;2012-09-08;;;;17.5
960;2012-09-09;;;;12.9
961;2012-09-10;;;;0.0
962;2012-09-11;;;;0.0
963;2012-09-12;;;;0.0
964;2012-09-13;;;;0.0
965;2012-09-14;;;;0.0
966;2012-09-15;;;;0.0
967;2012-09-16;;;;0.0
968;2012-09-17;;;;0.0
969;2012-09-18;;;;0.0
970;2012-09-19;;;;0.0
971;2012-09-20;;;;0.0
972;2012-09-21;;;;0.0
973;2012-09-22;;;;40.0
974;2012-09-23;;;;51.9
975;2012-09-24;;;;0.0
976;2012-09-25;;;;0.0
977;2012-09-26;;;;14.3
978;2012-09-27;;;;0.0
979;2012-09-28;;;;0.0
980;2012-09-29;;;;7.2
981;2012-09-30;;;;0.0
982;2012-10-01;;;;0.0
983;2012-10-02;;;;0.0
984;2012-10-03;;;;0.0
985;2012-10-04;;;;0.0
986;2012-10-05;;;;46.0
987;2012-10-06;;;;0.0
988;2012-10-07;;;;4.0
989;2012-10-08;;;;0.0
990;2012-10-09;;;;0.0
991;2012-10-10;;;;0.0
992;2012-10-11;;;;0.0
993;2012-10-12;;;;84.4
994;2012-10-13;;;;0.0
995;2012-10-14;;;;0.0
996;2012-10-15;;;;0.0
997;2012-10-16;;;;4.6
998;2012-10-17;;;;0.0
999;2012-10-18;;;;0.0
1000;2012-10-19;;;;1.4
1001;2012-10-20;;;;0.0
1002;2012-10-21;;;;0.0
1003;2012-10-22;;;;36.0
1004;2012-10-23;;;;0.0
1005;2012-10-24;;;;15.2
1006;2012-10-25;;;;0.0
1007;2012-10-26;;;;0.0
1008;2012-10-27;;;;1.3
1009;2012-10-28;;;;0.0
1010;2012-10-29;;;;0.0
1011;2012-10-30;;;;0.0
1012;2012-10-31;;;;0.0
1013;2012-11-01;;;;0.0
1014;2012-11-02;;;;0.0
1015;2012-11-03;;;;0.0
1016;2012-11-04;;;;9.0
1017;2012-11-05;;;;0.0
1018;2012-11-06;;;;0.0
1019;2012-11-07;;;;31.0
1020;2012-11-08;;;;0.0
1021;2012-11-09;;;;9.0
1022;2012-11-10;;;;32.0
1023;2012-11-11;;;;0.0
1024;2012-11-12;;;;0.0
1025;2012-11-13;;;;0.0
1026;2012-11-14;;;;0.0
1027;2012-11-15;;;;42.5
1028;2012-11-16;;;;71.0
1029;2012-11-17;;;;0.0
1030;2012-11-18;;;;5.0
1031;2012-11-19;;;;0.0
1032;2012-11-20;;;;55.5
1033;2012-11-21;;;;3.6
1034;2012-11-22;;;;0.0
1035;2012-11-23;;;;23.0
1036;2012-11-24;;;;13.0
1037;2012-11-25;;;;0.0
1038;2012-11-26;;;;0.0
1039;2012-11-27;;;;27.0
1040;2012-11-28;;;;79.0
1041;2012-11-29;;;;0.0
1042;2012-11-30;;;;0.0
1043;2012-12-01;;;;40.5
1044;2012-12-02;;;;0.0
1045;2012-12-03;;;;48.0
1046;2012-12-04;;;;0.0
1047;2012-12-05;;;;0.0
1048;2012-12-06;;;;22.5
1049;2012-12-07;;;;20.0
1050;2012-12-08;;;;0.0
1051;2012-12-09;;;;0.0
1052;2012-12-10;;;;0.0
1053;2012-12-11;;;;8.0
1054;2012-12-12;;;;12.0
1055;2012-12-13;;;;0.0
1056;2012-12-14;;;;0.0
1057;2012-12-15;;;;0.0
1058;2012-12-16;;;;38.5
1059;2012-12-17;;;;0.0
1060;2012-12-18;;;;0.0
1061;2012-12-19;;;;20.5
1062;2012-12-20;;;;18.7
1063;2012-12-21;;;;25.3
1064;2012-12-22;;;;0.0
1065;2012-12-23;;;;12.0
1066;2012-12-24;;;;10.3
1067;2012-12-25;;;;7.0
1068;2012-12-26;;;;21.0
1069;2012-12-27;;;;14.0
1070;2012-12-28;;;;4.5
1071;2012-12-29;;;;0.0
1072;2012-12-30;;;;0.0
1073;2012-12-31;;;;0.0
1074;2013-01-01;;;;24.5
1075;2013-01-02;;;;4.6
1076;2013-01-03;;;;10.5
1077;2013-01-04;;;;7.0
1078;2013-01-05;;;;6.0
1079;2013-01-06;;;;0.0
1080;2013-01-07;;;;5.0
1081;2013-01-08;;;;14.0
1082;2013-01-09;;;;2.0
1083;2013-01-10;;;;12.8
1084;2013-01-11;;;;0.0
1085;2013-01-12;;;;0.0
1086;2013-01-13;;;;0.0
1087;2013-01-14;;;;0.0
1088;2013-01-15;;;;0.0
1089;2013-01-16;;;;31.3
1090;2013-01-17;;;;5.0
1091;2013-01-18;;;;0.0
1092;2013-01-19;;;;0.0
1093;2013-01-20;;;;11.0
1094;2013-01-21;;;;0.0
1095;2013-01-22;;;;62.0
1096;2013-01-23;;;;10.6
1097;2013-01-24;;;;0.0
1098;2013-01-25;;;;40.0
1099;2013-01-26;;;;0.0
1100;2013-01-27;;;;0.0
1101;2013-01-28;;;;0.0
1102;2013-01-29;;;;0.0
1103;2013-01-30;;;;0.0
1104;2013-01-31;;;;0.0
1105;2013-02-01;;;;0.0
1106;2013-02-02;;;;24.5
1107;2013-02-03;;;;9.0
1108;2013-02-04;;;;57.0
1109;2013-02-05;;;;32.0
1110;2013-02-06;;;;0.0
1111;2013-02-07;;;;10.0
1112;2013-02-08;;;;30.5
1113;2013-02-09;;;;0.0
1114;2013-02-10;;;;0.0
1115;2013-02-11;;;;10.0
1116;2013-02-12;;;;14.0
1117;2013-02-13;;;;0.0
1118;2013-02-14;;;;0.0
1119;2013-02-15;;;;0.0
1120;2013-02-16;;;;0.0
1121;2013-02-17;;;;22.0
1122;2013-02-18;;;;0.0
1123;2013-02-19;;;;6.0
1124;2013-02-20;;;;0.0
1125;2013-02-21;;;;6.5
1126;2013-02-22;;;;0.0
1127;2013-02-23;;;;23.0
1128;2013-02-24;;;;0.0
1129;2013-02-25;;;;8.0
1130;2013-02-26;;;;0.0
1131;2013-02-27;;;;0.0
1132;2013-02-28;;;;0.0
1133;2013-04-01;;;;0.0
1134;2013-04-02;;;;0.0
1135;2013-04-03;;;;0.0
1136;2013-04-04;;;;0.0
1137;2013-04-05;;;;0.0
1138;2013-04-06;;;;0.0
1139;2013-04-07;;;;0.0
1140;2013-04-08;;;;0.0
1141;2013-04-09;;;;0.0
1142;2013-04-10;;;;0.0
1143;2013-04-11;;;;0.0
1144;2013-04-12;;;;35.6
1145;2013-04-13;;;;0.0
1146;2013-04-14;;;;29.0
1147;2013-04-15;;;;10.5
1148;2013-04-16;;;;4.5
1149;2013-04-17;;;;60.5
1150;2013-04-18;;;;0.0
1151;2013-04-19;;;;0.0
1152;2013-04-20;;;;0.0
1153;2013-04-21;;;;0.0
1154;2013-04-22;;;;0.0
1155;2013-04-23;;;;0.0
1156;2013-04-24;;;;0.0
1157;2013-04-25;;;;0.0
1158;2013-04-26;;;;0.0
1159;2013-04-27;;;;0.0
1160;2013-04-28;;;;0.0
1161;2013-04-29;;;;0.0
1162;2013-04-30;;;;0.0
1163;2013-05-01;;;;0.0
1164;2013-05-02;;;;0.0
1165;2013-05-03;;;;0.0
1166;2013-05-04;;;;0.0
1167;2013-05-05;;;;0.0
1168;2013-05-06;;;;27.0
1169;2013-05-07;;;;10.0
1170;2013-05-08;;;;0.0
1171;2013-05-09;;;;0.0
1172;2013-05-10;;;;0.0
1173;2013-05-11;;;;0.0
1174;2013-05-12;;;;0.0
1175;2013-05-13;;;;32.0
1176;2013-05-14;;;;26.0
1177;2013-05-15;;;;0.0
1178;2013-05-16;;;;5.0
1179;2013-05-17;;;;26.0
1180;2013-05-18;;;;0.0
1181;2013-05-19;;;;18.0
1182;2013-05-20;;;;130.0
1183;2013-05-21;;;;0.0
1184;2013-05-22;;;;0.0
1185;2013-05-23;;;;17.0
1186;2013-05-24;;;;0.0
1187;2013-05-25;;;;10.0
1188;2013-05-26;;;;0.0
1189;2013-05-27;;;;0.0
1190;2013-05-28;;;;5.0
1191;2013-05-29;;;;0.0
1192;2013-05-30;;;;7.0
1193;2013-05-31;;;;0.0
1194;2013-06-01;;;;37.0
1195;2013-06-02;;;;0.0
1196;2013-06-03;;;;0.0
1197;2013-06-04;;;;0.0
1198;2013-06-05;;;;0.0
1199;2013-06-06;;;;3.0
1200;2013-06-07;;;;0.0
1201;2013-06-08;;;;20.0
1202;2013-06-09;;;;0.0
1203;2013-06-10;;;;0.0
1204;2013-06-11;;;;0.0
1205;2013-06-12;;;;17.0
1206;2013-06-13;;;;0.0
1207;2013-06-14;;;;0.0
1208;2013-06-15;;;;0.0
1209;2013-06-16;;;;0.0
1210;2013-06-17;;;;19.0
1211;2013-06-18;;;;10.0
1212;2013-06-19;;;;38.0
1213;2013-06-20;;;;0.0
1214;2013-06-21;;;;0.0
1215;2013-06-22;;;;0.0
1216;2013-06-23;;;;0.0
1217;2013-06-24;;;;0.0
1218;2013-06-25;;;;29.0
1219;2013-06-26;;;;0.0
1220;2013-06-27;;;;0.0
1221;2013-06-28;;;;0.0
1222;2013-06-29;;;;14.0
1223;2013-06-30;;;;0.0
1224;2013-07-01;;;;0.0
1225;2013-07-02;;;;10.0
1226;2013-07-03;;;;0.0
1227;2013-07-04;;;;0.0
1228;2013-07-05;;;;0.0
1229;2013-07-06;;;;0.0
1230;2013-07-07;;;;30.0
1231;2013-07-08;;;;6.0
1232;2013-07-09;;;;0.0
1233;2013-07-10;;;;0.0
1234;2013-07-11;;;;0.0
1235;2013-07-12;;;;0.0
1236;2013-07-13;;;;8.0
1237;2013-07-14;;;;10.0
1238;2013-07-15;;;;0.0
1239;2013-07-16;;;;28.0
1240;2013-07-17;;;;0.0
1241;2013-07-18;;;;0.0
1242;2013-07-19;;;;0.0
1243;2013-07-20;;;;3.0
1244;2013-07-21;;;;0.0
1245;2013-07-22;;;;0.0
1246;2013-07-23;;;;0.0
1247;2013-07-24;;;;9.0
1248;2013-07-25;;;;0.0
1249;2013-07-26;;;;0.0
1250;2013-07-27;;;;0.0
1251;2013-07-28;;;;0.0
1252;2013-07-29;;;;0.0
1253;2013-07-30;;;;3.0
1254;2013-07-31;;;;0.0
1255;2013-08-01;;;;0.0
1256;2013-08-02;;;;28.0
1257;2013-08-03;;;;0.0
1258;2013-08-04;;;;0.0
1259;2013-08-05;;;;0.0
1260;2013-08-06;;;;25.5
1261;2013-08-07;;;;0.0
1262;2013-08-08;;;;0.0
1263;2013-08-09;;;;20.0
1264;2013-08-10;;;;36.4
1265;2013-08-11;;;;5.0
1266;2013-08-12;;;;0.0
1267;2013-08-13;;;;0.0
1268;2013-08-14;;;;44.0
1269;2013-08-15;;;;6.0
1270;2013-08-16;;;;0.0
1271;2013-08-17;;;;0.0
1272;2013-08-18;;;;0.0
1273;2013-08-19;;;;0.0
1274;2013-08-20;;;;54.0
1275;2013-08-21;;;;0.0
1276;2013-08-22;;;;0.0
1277;2013-08-23;;;;28.2
1278;2013-08-24;;;;0.0
1279;2013-08-25;;;;0.0
1280;2013-08-26;;;;24.2
1281;2013-08-27;;;;0.0
1282;2013-08-28;;;;0.0
1283;2013-08-29;;;;0.0
1284;2013-08-30;;;;0.0
1285;2013-08-31;;;;0.0
1286;2013-09-01;;;;0.0
1287;2013-09-02;;;;0.0
1288;2013-09-03;;;;0.0
1289;2013-09-04;;;;37.0
1290;2013-09-05;;;;0.0
1291;2013-09-06;;;;0.0
1292;2013-09-07;;;;0.0
1293;2013-09-08;;;;0.0
1294;2013-09-09;;;;0.0
1295;2013-09-10;;;;10.0
1296;2013-09-11;;;;0.0
1297;2013-09-12;;;;0.0
1298;2013-09-13;;;;0.0
1299;2013-09-14;;;;36.4
1300;2013-09-15;;;;16.5
1301;2013-09-16;;;;0.0
1302;2013-09-17;;;;0.0
1303;2013-09-18;;;;80.5
1304;2013-09-19;;;;2.0
1305;2013-09-20;;;;0.0
1306;2013-09-21;;;;0.0
1307;2013-09-22;;;;0.0
1308;2013-09-23;;;;0.0
1309;2013-09-24;;;;10.0
1310;2013-09-25;;;;0.0
1311;2013-09-26;;;;0.0
1312;2013-09-27;;;;0.0
1313;2013-09-28;;;;0.0
1314;2013-09-29;;;;0.0
1315;2013-09-30;;;;0.0
1316;2013-10-01;;;;0.0
1317;2013-10-02;;;;0.0
1318;2013-10-03;;;;0.0
1319;2013-10-04;;;;0.0
1320;2013-10-05;;;;0.0
1321;2013-10-06;;;;0.0
1322;2013-10-07;;;;0.0
1323;2013-10-08;;;;0.0
1324;2013-10-09;;;;0.0
1325;2013-10-10;;;;20.7
1326;2013-10-11;;;;0.0
1327;2013-10-12;;;;0.0
1328;2013-10-13;;;;5.0
1329;2013-10-14;;;;33.5
1330;2013-10-15;;;;0.0
1331;2013-10-16;;;;60.7
1332;2013-10-17;;;;23.5
1333;2013-10-18;;;;23.6
1334;2013-10-19;;;;0.0
1335;2013-10-20;;;;0.0
1336;2013-10-21;;;;0.0
1337;2013-10-22;;;;3.0
1338;2013-10-23;;;;12.5
1339;2013-10-24;;;;48.7
1340;2013-10-25;;;;25.5
1341;2013-10-26;;;;0.0
1342;2013-10-27;;;;0.0
1343;2013-10-28;;;;17.0
1344;2013-10-29;;;;5.0
1345;2013-10-30;;;;30.7
1346;2013-10-31;;;;0.0
1347;2013-11-01;;;;0.0
1348;2013-11-02;;;;0.0
1349;2013-11-03;;;;0.0
1350;2013-11-04;;;;0.0
1351;2013-11-05;;;;5.3
1352;2013-11-06;;;;0.0
1353;2013-11-07;;;;7.0
1354;2013-11-08;;;;10.0
1355;2013-11-09;;;;25.7
1356;2013-11-10;;;;0.0
1357;2013-11-11;;;;0.0
1358;2013-11-12;;;;0.0
1359;2013-11-13;;;;6.5
1360;2013-11-14;;;;13.4
1361;2013-11-15;;;;0.0
1362;2013-11-16;;;;0.0
1363;2013-11-17;;;;0.0
1364;2013-11-18;;;;0.0
1365;2013-11-19;;;;0.0
1366;2013-11-20;;;;35.7
1367;2013-11-21;;;;15.0
1368;2013-11-22;;;;0.0
1369;2013-11-23;;;;10.5
1370;2013-11-24;;;;33.0
1371;2013-11-25;;;;18.5
1372;2013-11-26;;;;63.3
1373;2013-11-27;;;;0.0
1374;2013-11-28;;;;15.4
1375;2013-11-29;;;;6.3
1376;2013-11-30;;;;0.0
1377;2013-12-01;;;;0.0
1378;2013-12-02;;;;0.0
1379;2013-12-03;;;;0.0
1380;2013-12-04;;;;56.0
1381;2013-12-05;;;;28.0
1382;2013-12-06;;;;0.0
1383;2013-12-07;;;;0.0
1384;2013-12-08;;;;0.0
1385;2013-12-09;;;;0.0
1386;2013-12-10;;;;0.0
1387;2013-12-11;;;;0.0
1388;2013-12-12;;;;28.7
1389;2013-12-13;;;;0.0
1390;2013-12-14;;;;0.0
1391;2013-12-15;;;;16.3
1392;2013-12-16;;;;5.3
1393;2013-12-17;;;;0.0
1394;2013-12-18;;;;0.0
1395;2013-12-19;;;;0.0
1396;2013-12-20;;;;3.3
1397;2013-12-21;;;;0.0
1398;2013-12-22;;;;0.0
1399;2013-12-23;;;;0.0
1400;2013-12-24;;;;3.0
1401;2013-12-25;;;;14.8
1402;2013-12-26;;;;0.0
1403;2013-12-27;;;;0.0
1404;2013-12-28;;;;5.5
1405;2013-12-29;;;;3.0
1406;2013-12-30;;;;7.5
1407;2013-12-31;;;;0.0
1408;2014-01-01;;;;4.0
1409;2014-01-02;;;;0.0
1410;2014-01-03;;;;20.8
1411;2014-01-04;;;;4.5
1412;2014-01-05;;;;20.3
1413;2014-01-06;;;;0.0
1414;2014-01-07;;;;8.5
1415;2014-01-08;;;;12.6
1416;2014-01-09;;;;0.0
1417;2014-01-10;;;;20.0
1418;2014-01-11;;;;0.0
1419;2014-01-12;;;;0.0
1420;2014-01-13;;;;0.0
1421;2014-01-14;;;;9.0
1422;2014-01-15;;;;0.0
1423;2014-01-16;;;;0.0
1424;2014-01-17;;;;0.0
1425;2014-01-18;;;;28.0
1426;2014-01-19;;;;0.0
1427;2014-01-20;;;;0.0
1428;2014-01-21;;;;0.0
1429;2014-01-22;;;;0.0
1430;2014-01-23;;;;0.0
1431;2014-01-24;;;;0.0
1432;2014-01-25;;;;0.0
1433;2014-01-26;;;;7.0
1434;2014-01-27;;;;12.0
1435;2014-01-28;;;;0.0
1436;2014-01-29;;;;0.0
1437;2014-01-30;;;;15.5
1438;2014-01-31;;;;0.0
1439;2014-02-01;;;;10.5
1440;2014-02-01;;;;15.0
1441;2014-02-02;;;;0.0
1442;2014-02-03;;;;0.0
1443;2014-02-04;;;;84.5
1444;2014-02-05;;;;78.8
1445;2014-02-06;;;;0.0
1446;2014-02-07;;;;6.5
1447;2014-02-08;;;;3.0
1448;2014-02-09;;;;0.0
1449;2014-02-10;;;;6.0
1450;2014-02-11;;;;0.0
1451;2014-02-12;;;;0.0
1452;2014-02-13;;;;0.0
1453;2014-02-14;;;;30.0
1454;2014-02-15;;;;35.0
1455;2014-02-16;;;;0.0
1456;2014-02-17;;;;0.0
1457;2014-02-18;;;;5.0
1458;2014-02-19;;;;35.0
1459;2014-02-20;;;;0.0
1460;2014-02-21;;;;12.0
1461;2014-02-22;;;;20.0
1462;2014-02-23;;;;4.5
1463;2014-02-24;;;;0.0
1464;2014-02-25;;;;0.0
1465;2014-02-26;;;;0.0
1466;2014-02-27;;;;0.0
1467;2014-02-28;;;;0.0
1468;2014-03-01;;;;70.0
1469;2014-03-02;;;;8.0
1470;2014-03-03;;;;0.0
1471;2014-03-04;;;;0.0
1472;2014-03-05;;;;0.0
1473;2014-03-06;;;;0.0
1474;2014-03-07;;;;10.5
1475;2014-03-08;;;;17.6
1476;2014-03-09;;;;30.8
1477;2014-03-10;;;;15.0
1478;2014-03-11;;;;0.0
1479;2014-03-12;;;;25.0
1480;2014-03-13;;;;25.7
1481;2014-03-14;;;;0.0
1482;2014-03-15;;;;0.0
1483;2014-03-16;;;;112.0
1484;2014-03-17;;;;73.0
1485;2014-03-18;;;;4.5
1486;2014-03-19;;;;18.5
1487;2014-03-20;;;;11.4
1488;2014-03-21;;;;0.0
1489;2014-03-22;;;;3.5
1490;2014-03-23;;;;7.0
1491;2014-03-24;;;;4.3
1492;2014-03-25;;;;0.0
1493;2014-03-26;;;;35.5
1494;2014-03-27;;;;20.3
1495;2014-03-28;;;;0.0
1496;2014-03-29;;;;3.0
1497;2014-03-30;;;;0.0
1498;2014-03-31;;;;0.0
1499;2014-04-01;;;;28.0
1500;2014-04-02;;;;7.3
1501;2014-04-03;;;;0.0
1502;2014-04-04;;;;38.5
1503;2014-04-05;;;;0.0
1504;2014-04-06;;;;36.7
1505;2014-04-07;;;;30.5
1506;2014-04-08;;;;3.6
1507;2014-04-09;;;;0.0
1508;2014-04-10;;;;0.0
1509;2014-04-11;;;;0.0
1510;2014-04-12;;;;0.0
1511;2014-04-13;;;;0.0
1512;2014-04-14;;;;0.0
1513;2014-04-15;;;;0.0
1514;2014-04-16;;;;8.7
1515;2014-04-17;;;;16.5
1516;2014-04-18;;;;4.5
1517;2014-04-19;;;;30.6
1518;2014-04-20;;;;5.0
1519;2014-04-21;;;;25.0
1520;2014-04-22;;;;29.0
1521;2014-04-23;;;;0.0
1522;2014-04-24;;;;30.0
1523;2014-04-25;;;;43.5
1524;2014-04-26;;;;0.0
1525;2014-04-27;;;;0.0
1526;2014-04-28;;;;48.3
1527;2014-04-29;;;;3.4
1528;2014-04-30;;;;0.0
1529;2014-05-01;;;;0.0
1530;2014-05-02;;;;0.0
1531;2014-05-03;;;;0.0
1532;2014-05-04;;;;0.0
1533;2014-05-05;;;;0.0
1534;2014-05-06;;;;40.5
1535;2014-05-07;;;;0.0
1536;2014-05-08;;;;0.0
1537;2014-05-09;;;;46.2
1538;2014-05-10;;;;20.0
1539;2014-05-11;;;;35.0
1540;2014-05-12;;;;16.5
1541;2014-05-13;;;;15.0
1542;2014-05-14;;;;14.0
1543;2014-05-15;;;;0.0
1544;2014-05-16;;;;0.0
1545;2014-05-17;;;;18.5
1546;2014-05-18;;;;0.0
1547;2014-05-19;;;;17.1
1548;2014-05-20;;;;21.7
1549;2014-05-21;;;;19.6
1550;2014-05-22;;;;0.0
1551;2014-05-23;;;;25.9
1552;2014-05-24;;;;0.0
1553;2014-05-25;;;;0.0
1554;2014-05-26;;;;81.0
1555;2014-05-27;;;;20.0
1556;2014-05-28;;;;0.0
1557;2014-05-29;;;;0.0
1558;2014-05-30;;;;0.0
1559;2014-05-31;;;;0.0
1560;2014-05-01;;;;0.0
1561;2014-05-02;;;;0.0
1562;2014-05-03;;;;0.0
1563;2014-05-04;;;;0.0
1564;2014-05-05;;;;0.0
1565;2014-05-06;;;;40.5
1566;2014-05-07;;;;0.0
1567;2014-05-08;;;;0.0
1568;2014-05-09;;;;46.2
1569;2014-05-10;;;;20.0
1570;2014-05-11;;;;35.0
1571;2014-05-12;;;;16.5
1572;2014-05-13;;;;15.0
1573;2014-05-14;;;;14.0
1574;2014-05-15;;;;0.0
1575;2014-05-16;;;;0.0
1576;2014-05-17;;;;18.5
1577;2014-05-18;;;;0.0
1578;2014-05-19;;;;17.1
1579;2014-05-20;;;;21.7
1580;2014-05-21;;;;19.6
1581;2014-05-22;;;;0.0
1582;2014-05-23;;;;25.9
1583;2014-05-24;;;;0.0
1584;2014-05-25;;;;0.0
1585;2014-05-26;;;;81.0
1586;2014-05-27;;;;20.0
1587;2014-05-28;;;;0.0
1588;2014-05-29;;;;0.0
1589;2014-05-30;;;;0.0
1590;2014-05-31;;;;0.0
1591;2014-06-01;;;;40.0
1592;2014-06-02;;;;0.0
1593;2014-06-03;;;;0.0
1594;2014-06-04;;;;8.5
1595;2014-06-05;;;;0.0
1596;2014-06-06;;;;0.0
1597;2014-06-07;;;;0.0
1598;2014-06-08;;;;0.0
1599;2014-06-09;;;;0.0
1600;2014-06-10;;;;0.0
1601;2014-06-11;;;;0.0
1602;2014-06-12;;;;0.0
1603;2014-06-13;;;;19.9
1604;2014-06-14;;;;10.0
1605;2014-06-15;;;;20.0
1606;2014-06-16;;;;0.0
1607;2014-06-17;;;;0.0
1608;2014-06-18;;;;5.0
1609;2014-06-19;;;;0.0
1610;2014-06-20;;;;10.0
1611;2014-06-21;;;;0.0
1612;2014-06-22;;;;0.0
1613;2014-06-23;;;;7.4
1614;2014-06-24;;;;0.0
1615;2014-06-25;;;;0.0
1616;2014-06-26;;;;10.0
1617;2014-06-27;;;;5.0
1618;2014-06-28;;;;0.0
1619;2014-06-29;;;;12.0
1620;2014-06-30;;;;0.0
1621;2014-06-01;;;;40.0
1622;2014-06-02;;;;0.0
1623;2014-06-03;;;;0.0
1624;2014-06-04;;;;8.5
1625;2014-06-05;;;;0.0
1626;2014-06-06;;;;0.0
1627;2014-06-07;;;;0.0
1628;2014-06-08;;;;0.0
1629;2014-06-09;;;;0.0
1630;2014-06-10;;;;0.0
1631;2014-06-11;;;;0.0
1632;2014-06-12;;;;0.0
1633;2014-06-13;;;;19.9
1634;2014-06-14;;;;10.0
1635;2014-06-15;;;;20.0
1636;2014-06-16;;;;0.0
1637;2014-06-17;;;;0.0
1638;2014-06-18;;;;5.0
1639;2014-06-19;;;;0.0
1640;2014-06-20;;;;10.0
1641;2014-06-21;;;;0.0
1642;2014-06-22;;;;0.0
1643;2014-06-23;;;;7.4
1644;2014-06-24;;;;0.0
1645;2014-06-25;;;;0.0
1646;2014-06-26;;;;10.0
1647;2014-06-27;;;;5.0
1648;2014-06-28;;;;0.0
1649;2014-06-29;;;;12.0
1650;2014-06-30;;;;0.0
1651;2014-07-01;;;;20.0
1652;2014-07-01;;;;8.0
1653;2014-07-02;;;;0.0
1654;2014-07-03;;;;5.0
1655;2014-07-04;;;;10.0
1656;2014-07-05;;;;3.0
1657;2014-07-06;;;;0.0
1658;2014-07-07;;;;12.0
1659;2014-07-08;;;;40.8
1660;2014-07-09;;;;10.5
1661;2014-07-10;;;;0.0
1662;2014-07-11;;;;0.0
1663;2014-07-12;;;;0.0
1664;2014-07-13;;;;0.0
1665;2014-07-14;;;;10.8
1666;2014-07-15;;;;0.0
1667;2014-07-16;;;;5.0
1668;2014-07-17;;;;25.0
1669;2014-07-18;;;;40.3
1670;2014-07-19;;;;45.5
1671;2014-07-20;;;;0.0
1672;2014-07-21;;;;0.0
1673;2014-07-22;;;;0.0
1674;2014-07-23;;;;0.0
1675;2014-07-24;;;;0.0
1676;2014-07-25;;;;0.0
1677;2014-07-26;;;;13.4
1678;2014-07-27;;;;10.7
1679;2014-07-28;;;;0.0
1680;2014-07-29;;;;0.0
1681;2014-07-30;;;;0.0
1682;2014-07-31;;;;0.0
1683;2014-08-01;;;;0.0
1684;2014-08-01;;;;0.0
1685;2014-08-02;;;;0.0
1686;2014-08-03;;;;5.0
1687;2014-08-04;;;;0.0
1688;2014-08-05;;;;0.0
1689;2014-08-06;;;;0.0
1690;2014-08-07;;;;42.8
1691;2014-08-08;;;;19.7
1692;2014-08-09;;;;0.0
1693;2014-08-10;;;;0.0
1694;2014-08-11;;;;80.9
1695;2014-08-12;;;;0.0
1696;2014-08-13;;;;0.0
1697;2014-08-14;;;;0.0
1698;2014-08-15;;;;0.0
1699;2014-08-16;;;;0.0
1700;2014-08-17;;;;0.0
1701;2014-08-18;;;;0.0
1702;2014-08-19;;;;0.0
1703;2014-08-20;;;;0.0
1704;2014-08-21;;;;0.0
1705;2014-08-22;;;;0.0
1706;2014-08-23;;;;0.0
1707;2014-08-24;;;;0.0
1708;2014-08-25;;;;10.0
1709;2014-08-26;;;;15.5
1710;2014-08-27;;;;17.4
1711;2014-08-28;;;;7.3
1712;2014-08-29;;;;28.8
1713;2014-08-30;;;;7.0
1714;2014-08-31;;;;0.0
1715;2014-09-01;;;;0.0
1716;2014-09-01;;;;15.0
1717;2014-09-02;;;;0.0
1718;2014-09-03;;;;15.7
1719;2014-09-04;;;;8.5
1720;2014-09-05;;;;0.0
1721;2014-09-06;;;;4.0
1722;2014-09-07;;;;32.4
1723;2014-09-08;;;;0.0
1724;2014-09-09;;;;5.0
1725;2014-09-10;;;;35.8
1726;2014-09-11;;;;60.5
1727;2014-09-12;;;;10.0
1728;2014-09-13;;;;7.0
1729;2014-09-14;;;;15.2
1730;2014-09-15;;;;0.0
1731;2014-09-16;;;;0.0
1732;2014-09-17;;;;0.0
1733;2014-09-18;;;;12.7
1734;2014-09-19;;;;5.0
1735;2014-09-20;;;;10.3
1736;2014-09-21;;;;8.0
1737;2014-09-22;;;;20.5
1738;2014-09-23;;;;0.0
1739;2014-09-24;;;;0.0
1740;2014-09-25;;;;0.0
1741;2014-09-26;;;;0.0
1742;2014-09-27;;;;0.0
1743;2014-09-28;;;;0.0
1744;2014-09-29;;;;0.0
1745;2014-09-30;;;;0.0
1746;2014-10-01;;;;0.0
1747;2014-10-01;;;;10.0
1748;2014-10-02;;;;8.5
1749;2014-10-03;;;;18.0
1750;2014-10-04;;;;0.0
1751;2014-10-05;;;;0.0
1752;2014-10-06;;;;15.5
1753;2014-10-07;;;;12.0
1754;2014-10-08;;;;0.0
1755;2014-10-09;;;;7.0
1756;2014-10-10;;;;9.0
1757;2014-10-11;;;;30.8
1758;2014-10-12;;;;18.0
1759;2014-10-13;;;;0.0
1760;2014-10-14;;;;0.0
1761;2014-10-15;;;;0.0
1762;2014-10-16;;;;10.0
1763;2014-10-17;;;;0.0
1764;2014-10-18;;;;0.0
1765;2014-10-19;;;;0.0
1766;2014-10-20;;;;6.0
1767;2014-10-21;;;;15.0
1768;2014-10-22;;;;0.0
1769;2014-10-23;;;;30.7
1770;2014-10-24;;;;16.3
1771;2014-10-25;;;;0.0
1772;2014-10-26;;;;0.0
1773;2014-10-27;;;;20.0
1774;2014-10-28;;;;0.0
1775;2014-10-29;;;;0.0
1776;2014-10-30;;;;0.0
1777;2014-10-31;;;;0.0
1778;2014-11-01;;;;0.0
1779;2014-11-01;;;;83.5
1780;2014-11-02;;;;22.5
1781;2014-11-03;;;;12.5
1782;2014-11-04;;;;8.6
1783;2014-11-05;;;;10.0
1784;2014-11-06;;;;15.4
1785;2014-11-07;;;;0.0
1786;2014-11-08;;;;47.9
1787;2014-11-09;;;;0.0
1788;2014-11-10;;;;0.0
1789;2014-11-11;;;;0.0
1790;2014-11-12;;;;0.0
1791;2014-11-13;;;;5.0
1792;2014-11-14;;;;65.4
1793;2014-11-15;;;;0.0
1794;2014-11-16;;;;10.0
1795;2014-11-17;;;;8.5
1796;2014-11-18;;;;0.0
1797;2014-11-19;;;;0.0
1798;2014-11-20;;;;0.0
1799;2014-11-21;;;;0.0
1800;2014-11-22;;;;33.6
1801;2014-11-23;;;;0.0
1802;2014-11-24;;;;10.6
1803;2014-11-25;;;;27.5
1804;2014-11-26;;;;12.0
1805;2014-11-27;;;;5.5
1806;2014-11-28;;;;18.0
1807;2014-11-29;;;;73.8
1808;2014-11-30;;;;14.5
1809;2014-12-01;;;;0.0
1810;2018-08-01;;;;0.0
1811;2018-08-02;;;;0.0
1812;2018-08-03;;;;2.1
1813;2018-08-04;;;;0.0
1814;2018-08-05;;;;5.6
1815;2018-08-06;;;;24.1
1816;2018-08-07;;;;60.2
1817;2018-08-08;;;;0.0
1818;2018-08-09;;;;12.6
1819;2018-08-10;;;;11.7
1820;2018-08-11;;;;0.0
1821;2018-08-12;;;;0.0
1822;2018-08-13;;;;0.0
1823;2018-08-14;;;;1.2
1824;2018-08-15;;;;66.3
1825;2018-08-16;;;;11.7
1826;2018-08-17;;;;0.0
1827;2018-08-18;;;;0.0
1828;2018-08-19;;;;0.0
1829;2018-08-20;;;;2.2
1830;2018-08-21;;;;17.8
1831;2018-08-22;;;;1.1
1832;2018-08-23;;;;0.0
1833;2018-08-24;;;;0.0
1834;2018-08-25;;;;0.0
1835;2018-08-26;;;;4.6
1836;2018-08-27;;;;0.0
1837;2018-08-28;;;;0.0
1838;2018-08-29;;;;0.0
1839;2018-08-30;;;;0.0
1840;2018-08-31;;;;0.0
1841;2018-10-01;;;;5.0
1842;2018-10-02;;;;12.5
1843;2018-10-03;;;;31.1
1844;2018-10-04;;;;30.7
1845;2018-10-05;;;;10.3
1846;2018-10-06;;;;2.4
1847;2018-10-07;;;;0.0
1848;2018-10-08;;;;0.0
1849;2018-10-09;;;;9.2
1850;2018-10-10;;;;3.9
1851;2018-10-11;;;;4.9
1852;2018-10-12;;;;0.0
1853;2018-10-13;;;;38.8
1854;2018-10-14;;;;62.2
1855;2018-10-15;;;;0.0
1856;2018-10-16;;;;1.9
1857;2018-10-17;;;;0.0
1858;2018-10-18;;;;0.0
1859;2018-10-19;;;;0.0
1860;2018-10-20;;;;8.9
1861;2018-10-21;;;;0.0
1862;2018-10-22;;;;0.0
1863;2018-10-23;;;;0.0
1864;2018-10-24;;;;0.0
1865;2018-10-25;;;;0.0
1866;2018-10-26;;;;3.8
1867;2018-10-27;;;;7.8
1868;2018-10-28;;;;0.0
1869;2018-10-29;;;;0.4
1870;2018-10-30;;;;33.3
1871;2018-10-31;;;;24.7
1872;2019-01-01;;;;2.5
1873;2019-01-02;;;;12.2
1874;2019-01-03;;;;0.6
1875;2019-01-04;;;;0.9
1876;2019-01-05;;;;0.0
1877;2019-01-06;;;;0.0
1878;2019-01-07;;;;2.5
1879;2019-01-08;;;;1.5
1880;2019-01-09;;;;0.0
1881;2019-01-10;;;;4.9
1882;2019-01-11;;;;53.2
1883;2019-01-12;;;;0.0
1884;2019-01-13;;;;0.0
1885;2019-01-14;;;;44.3
1886;2019-01-15;;;;10.5
1887;2019-01-16;;;;0.8
1888;2019-01-17;;;;39.7
1889;2019-01-18;;;;0.0
1890;2019-01-19;;;;2.9
1891;2019-01-20;;;;30.5
1892;2019-01-21;;;;10.1
1893;2019-01-22;;;;25.0
1894;2019-01-23;;;;0.0
1895;2019-01-24;;;;21.8
1896;2019-01-25;;;;19.1
1897;2019-01-26;;;;0.0
1898;2019-01-27;;;;13.2
1899;2019-01-28;;;;22.7
1900;2019-01-29;;;;4.4
1901;2019-01-30;;;;0.0
1902;2019-01-31;;;;9.9
