LONGITUD,LATITUD,NOMBRE,CODIGO,CATEGORIA,ICO,ESTADO,COD_OLD,ALTITUD,FECHA_INICIO,FECHA_FIN
-79.15323,-7.22499,MONTE GRANDE,100090,CO,M,DIFERIDO,000396,431,201402,201907
-79.03696,-6.27366,QUEROCOTILLO,106067,PLU,M,DIFERIDO,153109,1970,201409,201908
-78.52437,-6.67411,PUENTE  MAYGASBAMBA,221110,HLG,H,DIFERIDO,220307,2551,201205,201906
-78.45694,-6.68778,QUEBRADA SHUGAR,100113,PLU,M,DIFERIDO,153108,3292,201402,201908
-78.73717,-6.67091,CHUGUR,106077,PLU,M,DIFERIDO,153208,002757,201405,201907
-78.89767,-5.67175,LA CASCARILLA,105062,CO,M,DIFERIDO,000349,1991,201403,201903
-79.09,-5.64389,CHONTALI,105065,CO,M,DIFERIDO,000250,001626,201404,201906
-78.85639,-5.94222,PUENTE CHUNCHUCA,105110,PLU,M,DIFERIDO,152213,589,201409,201908
-78.95028,-5.91694,CACAO,220405,HLM,H,DIFERIDO,220405,1252,201204,201906
-79.31722,-5.91778,EL LIMON,105057,CO,M,DIFERIDO,000241,1110,201405,201906
-79.13389,-6.04167,HACIENDA PUCARA,106065,PLU,M,DIFERIDO,153107,1061,201409,201908
-79.3125,-5.65889,SALLIQUE,105053,CO,M,DIFERIDO,002129,1804,201409,201908
-78.98861,-5.46639,COCHALAN,105111,PLU,M,DIFERIDO,152212,753,201409,201908
-78.98822,-5.46506,COCHALAN,220814,HLG,H,DIFERIDO,220815,753,201302,201906
-79.28779,-5.32221,TABACONAS,220812,HLG,H,DIFERIDO,220813,1787,201004,201809
-79.04045,-7.0802,LIVES,107055,PLU,M,DIFERIDO,153111,1931,201408,201907
-78.86722,-6.575,CHANCAY BAÑOS,106022,CO,M,DIFERIDO,000395,1677,201303,201903
-79.07395,-6.65579,CIRATO,106122,HLG,H,DIFERIDO,200909,964,201202,201906
-71.23187,-14.16997,SALCCA,114131,PE,M,DIFERIDO,114131,3956,201801,201905
-71.41694,-14.81694,YAURI,114032,CO,M,DIFERIDO,000757,3927,201405,201904
-71.72,-13.10855,CHACLLABAMBA,113139,CO,M,DIFERIDO,155518,2701,201303,201904
-71.46778,-13.02389,CHONTACHACA,100030,CO,M,DIFERIDO,006671,982,201406,201905
-75.23667,-12.53944,HUANCALPI,112142,CO,M,DIFERIDO,156126,3450,201301,201812
-75.53348,-13.2206,HUACHOS,113067,CO,M,DIFERIDO,151503,2744,201303,201805
-75.62758,-13.21198,SAN JUAN DE CASTROVIRREYNA,113082,CO,M,DIFERIDO,156114,1856,201301,201804
-75.07145,-13.1588,CHOCLOCOCHA,113091,CO,M,DIFERIDO,156130,4547,201303,201805
-74.56667,-12.46667,PAUCARBAMBA,112066,CO,M,DIFERIDO,000658,3000,201306,201901
-75.18698,-14.04061,CORDOVA,114065,PLU,M,DIFERIDO,157101,3225,201311,201810
-75.08596,-13.25932,TUNEL CERO,113016,CO,M,DIFERIDO,000647,4498,201302,201803
-75.29625,-13.50399,CUSICANCHA,113086,CO,M,DIFERIDO,156121,3253,201201,201901
-75.39056,-13.79194,CHALLACA PLU,100025,PLU,M,DIFERIDO,000009,1880,201310,201902
-75.38212,-13.79047,CHALLACA CO,113128,CO,M,DIFERIDO,006640,1800,201302,201804
-75.25083,-13.83308,SANTIAGO DE CHOCORVOS,113088,CO,M,DIFERIDO,156123,2700,201302,201901
-75.27418,-13.69163,TAMBO,113087,CO,M,DIFERIDO,156122,3138,201305,201804
-75.9425,-9.515,CHINCHAVITO,230003,HLM,H,DIFERIDO,230003,744,201412,201907
-76.08361,-9.66694,CARPISH,109020,CO,M,DIFERIDO,000454,1950,201408,201907
-76.15111,-9.84694,TARUCA,230002,HLM,H,DIFERIDO,230002,408,201705,201908
-76.02778,-9.32,PUENTE BELLA,230004,HLM,H,DIFERIDO,230004,663,201705,201908
-75.9825,-9.34694,PUENTE PEREZ,230001,HLM,H,DIFERIDO,230001,644,201401,201908
-75.67861,-13.92472,LOS MOLINOS,113244,PLU,M,DIFERIDO,113244,500,201404,201902
-75.97514,-13.43942,CONTA,203501,HLG,H,DIFERIDO,203501,324,201209,201710
-74.95,-14.63333,HUALLPOCA,114106,PLU,M,DIFERIDO,156225,1050,201309,201810
-71.80654,-15.60999,MADRIGAL,115092,CO,M,DIFERIDO,157317,3276,201409,201908
-71.11667,-15.81667,SUMBAY,204702,HLG,H,DIFERIDO,204702,4403,201409,201908
-71.21333,-15.97861,PILLONES,115126,CO,M,DIFERIDO,158208,4455,201408,201907
-71.45705,-15.48929,PUENTE COLGANTE-SIBAYO,204604,HLG,H,DIFERIDO,204604,3810,201409,201908
-71.31667,-15.35,PORPERA,115101,CO,M,DIFERIDO,157329,4195,201409,201908
-71.45,-15.35,TISCO,115098,CO,M,DIFERIDO,157325,4175,201409,201908
-72.91831,-15.54811,CHICHAS,115078,CO,M,DIFERIDO,157300,2170,201409,201908
-72.83333,-15.85,SALAMANCA,204501,HLM,H,DIFERIDO,204501,3200,201409,201908
-72.88278,-15.78306,YANAQUIHUA,115128,CO,M,DIFERIDO,000864,3130,201409,201908
-71.58861,-16.99917,LA HACIENDITA,117006,CO,M,DIFERIDO,000838,282,201409,201908
-72.92919,-15.21251,CUYAU,204506,HLM,H,DIFERIDO,204508,2222,201409,201908
-72.75278,-15.13583,PULLHUAY (AYAHUASI),115084,CO,M,DIFERIDO,157309,3455,201409,201908
-72.69228,-15.0605,PUICA,115082,CO,M,DIFERIDO,157307,3661,201409,201908
-74.33361,-13.91694,HUANCASANCOS,100055,CO,M,DIFERIDO,156218,3440,201302,201804
-74.24567,-12.94597,HUANTA,112068,CO,M,DIFERIDO,000660,2610,201210,201801
-73.95,-14.26667,HUASAPAMPA,230705,HLG,H,DIFERIDO,230705,2900,201107,201809
-74.92556,-14.24639,LLAUTA,114067,PLU,M,DIFERIDO,157200,2445,201312,201902
-74.23223,-14.62,LUCANAS,114072,PLU,M,DIFERIDO,157206,3354,201403,201902
-73.34786,-15.18468,LAMPA,115076,PLU,M,DIFERIDO,157223,2790,201311,201901
-73.72658,-13.88257,CHILCAYOC,113101,CO,M,DIFERIDO,156212,3400,201303,201810
-78.51012,-7.19345,AYLAMBO,107033,PE,M,DIFERIDO,000316,2894,201112,201908
-78.45947,-7.19119,LA VICTORIA,107035,PE,M,DIFERIDO,000318,2630,201409,201908
-78.74833,-6.55972,CHOTANO LAJAS,106084,PLU,M,DIFERIDO,153235,2163,201409,201908
-78.73377,-7.38332,CASCABAMBA,201301,HLM,H,DIFERIDO,201301,3331,201408,201907
-77.40025,-10.40457,OCROS,110051,PLU,M,DIFERIDO,155105,3249,201409,201908
-77.34389,-10.606,CAHUA,202404,HLG,H,DIFERIDO,202404,812,201409,201908
-77.40607,-9.85242,NUEVO PACHACOTO,109095,PLU,M,DIFERIDO,109095,3723,201501,201908
-78.28806,-5.16144,CHIRIACO,105104,CO,M,DIFERIDO,000229,323,201406,201906
-77.93928,-4.83039,SANTA MARIA DE NIEVA,104060,CO,M,DIFERIDO,000256,225,201404,201907
-78.52286,-5.7562,EL PINTOR,105040,PLU,M,DIFERIDO,152204,533,201409,201908
-78.18886,-5.89106,MAGUNCHAL,105046,PLU,M,DIFERIDO,152210,632,201409,201908
-78.18765,-5.89006,MAGUNCHAL,221506,HLG,H,DIFERIDO,221506,632,201303,201906
-78.47097,-6.00039,EL PALTO,106121,CO,M,DIFERIDO,003332,1467,201409,201908
-77.50963,-9.60776,SAN PEDRO,211404,HLM,H,DIFERIDO,201720,3170,201407,201906
-77.52486,-9.51653,SANTIAGO ANTUNEZ DE MAYOLO,109009,MAP,M,DIFERIDO,000426,3079,201402,201901
-77.77536,-9.53519,CHACCHAN,109045,PLU,M,DIFERIDO,154107,2266,201409,201908
-77.70719,-9.58528,PIRA,109048,PLU,M,DIFERIDO,154110,3625,201409,201908
-77.34889,-10.15775,MAYORARCA,110040,PLU,M,DIFERIDO,150903,3335,201409,201908
-78.20825,-9.43371,BUENA VISTA,109014,CO,M,DIFERIDO,000435,213,201409,201908
-72.57389,-13.56,CUNYAC,113136,PLU,M,DIFERIDO,156224,2345,201405,201904
-71.49511,-16.31086,CHARCANI,204710,HLG,H,DIFERIDO,204711,2643,201409,201908
-71.14806,-16.31778,LAS SALINAS,116046,CO,M,DIFERIDO,158209,4378,201405,201908
-71.1891,-16.15482,EL FRAYLE,116022,CO,M,DIFERIDO,000849,4131,201306,201907
-71.41481,-16.05542,PATAHUASI-AREQUIPA,116073,CO,M,DIFERIDO,116073,4035,201409,201908
-71.58889,-16.06306,PAMPA DE ARRIEROS,116043,CO,M,DIFERIDO,158204,3715,201409,201908
-72.27028,-15.67917,AYO,115088,CO,M,DIFERIDO,157313,1956,201409,201908
-72.26852,-15.50242,CHACHAS,115087,CO,M,DIFERIDO,157312,3071,201409,201908
-77.04027,-10.62136,GORGOR,110041,PLU,M,DIFERIDO,151208,3025,201409,201908
-76.7,-11.61667,ARAHUAY,111057,PLU,M,DIFERIDO,151204,2800,201409,201908
-76.75,-11.5,HUAMANTANGA,111085,PLU,M,DIFERIDO,155209,3392,201409,201908
-76.5758,-11.40743,HUAROS,111089,PLU,M,DIFERIDO,155218,3569,201409,201908
-76.50244,-11.39315,PARIACANCHA,202801,HLM,H,DIFERIDO,202801,3842,201409,201908
-76.50271,-11.39357,PARIACANCHA,111067,PLU,M,DIFERIDO,155112,3842,201409,201908
-76.62844,-11.55327,LACHAQUI,111088,PLU,M,DIFERIDO,155217,3670,201409,201908
-76.62206,-11.45264,OBRAJILLO,111159,PLU,M,DIFERIDO,156133,2468,201409,201908
-76.49314,-12.52169,LA CAPILLA  2,112054,CO,M,DIFERIDO,000631,442,201406,201905
-76.65513,-11.2328,PIRCA,111087,PLU,M,DIFERIDO,155214,3342,201409,201908
-76.80804,-11.34874,PALLAC,111083,PLU,M,DIFERIDO,155205,2367,201409,201908
-73.23694,-3.72722,ENAPU PERU,240102,HLM,H,DIFERIDO,240101,126,201309,201812
-73.37741,-3.82743,PUERTO ALMENDRA,240302,HLM,H,DIFERIDO,240302,95,201812,201907
-73.28056,-3.75361,SEDA LORETO,240106,HLM,H,DIFERIDO,240105,126,201210,201812
-73.33833,-3.89967,MORALILLO,103023,CP,M,DIFERIDO,000153,133,201212,201908
-72.89205,-5.17378,ANGAMOS,240401,HLM,H,DIFERIDO,240111,90,201310,201906
-72.89205,-5.14913,ANGAMOS,105078,CO,M,DIFERIDO,000269,250,201307,201807
-72.66739,-2.44506,EL ESTRECHO,240402,HLM,H,DIFERIDO,240402,158,201108,201707
-72.66747,-2.44767,EL ESTRECHO,102006,CO,M,DIFERIDO,000110,240,201111,201902
-76.63487,-11.19827,SANTA CRUZ,111081,PLU,M,DIFERIDO,155202,3583,201409,201908
-76.5,-12.08333,ANTIOQUIA,112124,PE,M,DIFERIDO,156100,1839,201409,201908
-76.51514,-11.65503,CARAMPOMA,111091,PLU,M,DIFERIDO,155223,3424,201409,201908
-76.5023,-11.66095,SHEQUE,111062,PLU,M,DIFERIDO,151213,3188,201409,201908
-76.35017,-11.57046,MILLOC,202902,HLM,H,DIFERIDO,202902,4391,201409,201908
-76.34995,-11.57131,MILLOC,111144,PLU,M,DIFERIDO,155514,4384,201409,201908
-76.23332,-11.63804,CASAPALCA,111114,PLU,M,DIFERIDO,155446,4233,201409,201908
-76.25967,-11.73447,RIO BLANCO,111061,PLU,M,DIFERIDO,151210,3503,201409,201908
-76.48334,-11.61667,TINGO,111066,PLU,M,DIFERIDO,155111,3980,201409,201908
-76.42108,-12.12645,LANGA,112082,PLU,M,DIFERIDO,151214,2863,201409,201908
-76.61103,-11.73815,AUTISHA,111077,PLU,M,DIFERIDO,155122,2181,201409,201908
-76.60659,-11.73523,AUTISHA,202903,HLM,H,DIFERIDO,202903,2152,201409,201908
-76.25811,-11.80053,SAN JOSE DE PARAC,111093,PLU,M,DIFERIDO,155225,3829,201409,201908
-76.56358,-11.84685,SAN MATEO DE OTAO,111291,PLU,M,DIFERIDO,111291,3506,201409,201908
-76.24066,-12.18618,HUANCATA,112080,PLU,M,DIFERIDO,151207,2684,201409,201908
-76.52415,-11.98311,SANTIAGO DE TUNA,111092,PLU,M,DIFERIDO,155224,2924,201409,201908
-77.28333,-10.75,AMBAR,110042,PLU,M,DIFERIDO,151211,2100,201409,201908
-76.97,-10.86578,PAMPA LIBRE,110053,CO,M,DIFERIDO,155107,1756,201408,201907
-76.9141,-11.06525,PACHAMACHAY,111084,PLU,M,DIFERIDO,155207,3175,201409,201908
-76.93333,-10.95,PACCHO,110056,PLU,M,DIFERIDO,155200,3250,201409,201908
-76.71983,-10.96665,PARQUIN,110063,PLU,M,DIFERIDO,155212,3571,201409,201908
-76.78333,-10.51667,LAGUNA SURASACA,202601,HLG,H,DIFERIDO,202601,4400,201409,201908
-76.78667,-10.52383,LAGUNA SURASACA,110059,PLU,M,DIFERIDO,155206,4385,201409,201908
-76.66667,-10.78333,LAGUNA COCHAQUILLO,110092,PLU,M,DIFERIDO,155291,4400,201409,201908
-76.7687,-10.66769,OYON,110020,CO,M,DIFERIDO,000541,3667,201409,201908
-76.9,-10.78333,ANDAJES,110057,PLU,M,DIFERIDO,155201,3950,201409,201908
-75.71209,-12.31478,YAURICOCHA,112096,PLU,M,DIFERIDO,155450,4560,201409,201908
-76.13672,-12.38208,AYAVIRI,112128,PLU,M,DIFERIDO,156104,3224,201409,201908
-75.87215,-12.3444,CARANIA,112133,PE,M,DIFERIDO,156109,3820,201409,201908
-75.82617,-12.11457,VILCA,112135,PE,M,DIFERIDO,156111,3832,201409,201908
-76.13902,-12.29359,HUAÑEC,112127,PLU,M,DIFERIDO,156103,3200,201409,201908
-76.22559,-12.4548,SAN PEDRO DE PILAS,112081,PLU,M,DIFERIDO,151212,2707,201409,201908
-76.01667,-12.11667,TANTA,112130,PE,M,DIFERIDO,156106,4323,201409,201908
-73.25492,-3.76397,AMAZONAS,103057,CO,M,DIFERIDO,000154,113,201401,201908
-73.29333,-3.78667,SAN ROQUE,103052,CP,M,DIFERIDO,000176,98,201203,201907
-73.66694,-3.83361,SANTA MARIA NANAY,240001,HLM,H,DIFERIDO,240110,120,201306,201907
-72.8405,-3.51972,MANITI,103009,PE,M,DIFERIDO,150201,125,201407,201907
-73.08333,-3.52311,TIMICURILLO,103011,PLU,M,DIFERIDO,150204,106,201312,201907
-73.08361,-3.51694,TIMICURILLO,240202,HLM,H,DIFERIDO,240202,105,201401,201908
-73.0735,-3.48206,BELLAVISTA,240111,HLM,H,DIFERIDO,260102,110,201404,201907
-73.63333,-3.48261,BELLAVISTA,103012,PLU,M,DIFERIDO,150205,105,201404,201907
-73.24056,-3.4625,LA LIBERTAD,103014,PLU,M,DIFERIDO,150207,100,201404,201907
-73.24222,-3.45694,LA LIBERTAD,240112,HLM,H,DIFERIDO,260201,100,201312,201907
-73.13361,-3.50028,SANTA CRUZ,103013,PLU,M,DIFERIDO,150206,122,201404,201907
-73.13361,-3.50028,SANTA CRUZ,240109,HLM,H,DIFERIDO,240109,122,201210,201907
-73.69617,-3.8894,SANTA MARIA DE NANAY,103030,PLU,M,DIFERIDO,152409,120,201406,201908
-73.67922,-2.48747,SANTA CLOTILDE,240110,HLM,H,DIFERIDO,260101,150,201110,201902
-76.101,-5.898,YURIMAGUAS ENP,230602,HLM,H,DIFERIDO,230602,145,200902,201409
-76.25861,-6.07139,SHANUSI,100132,CO,M,DIFERIDO,153315,160,201311,201902
-75.66546,-5.22173,LAGUNAS,100080,PLU,M,DIFERIDO,152304,120,198108,201905
-77.45028,-4.45028,BORJA,104061,PLU,M,DIFERIDO,000270,450,197810,201901
-77.548,-4.47,BORJA,220107,HLM,H,DIFERIDO,220107,152,201209,201905
-73.5733,-4.50736,NAUTA,221402,HLM,H,DIFERIDO,221401,110,201207,201903
-73.90972,-4.51083,SAN REGIS,104098,PE,M,DIFERIDO,150212,116,201406,201907
-73.9054,-4.51439,SAN REGIS,220105,HLM,H,DIFERIDO,220105,80,201403,201907
-73.60377,-4.75963,BAGAZAN,104067,PE,M,DIFERIDO,152406,250,201308,201907
-74.3738,-4.61388,SANTA RITA DE CASTILLA,104065,PE,M,DIFERIDO,152401,100,201403,201908
-69.95629,-4.22636,SANTA ROSA,104010,PLU,M,DIFERIDO,150209,100,201405,201907
-69.95334,-4.25785,SANTA ROSA,240108,HLM,H,DIFERIDO,240108,100,201402,201907
-73.83556,-5.04264,REQUENA,105095,CO,M,DIFERIDO,000280,128,201310,201903
-73.83829,-5.04169,REQUENA,250101,HLM,H,DIFERIDO,250101,200,201301,201906
-74.157,-5.40779,FLOR DE PUNGA,251100,HLM,H,DIFERIDO,231302,135,201312,201907
-74.28375,-5.79442,TAMANCO,105091,PLU,M,DIFERIDO,152403,200,201212,201906
-74.15839,-5.40544,FLOR DE PUNGA,105092,CO,M,DIFERIDO,152405,135,201306,201906
-74.35638,-5.26568,BRETAÑA,105090,PE,M,DIFERIDO,152402,200,201308,201906
-73.64972,-4.90442,GENARO HERRERA,251104,HLM,H,DIFERIDO,231303,126,201209,201712
-75.00056,-7.35208,CONTAMANA,251102,HLM,H,DIFERIDO,231301,134,201311,201903
-75.00583,-7.35222,CONTAMANA,100034,CO,M,DIFERIDO,000387,185,201303,201804
-70.89778,-16.77944,QUINISTAQUILLAS,116049,CO,M,DIFERIDO,158301,1590,201409,201908
-70.83361,-17.13361,TUMILACA,117031,PLU,M,DIFERIDO,158314,2057,201409,201908
-70.86753,-17.09661,YACANGO,100150,CO,M,DIFERIDO,000852,2091,201402,201901
-70.85336,-17.00694,OTORA,214700,HLG,H,DIFERIDO,204812,2595,201408,201907
-70.75028,-17.16694,TUMILACA,204804,HLG,H,DIFERIDO,204804,3164,201312,201907
-70.85361,-17.00722,OTORA,117024,PLU,M,DIFERIDO,158302,2580,201409,201908
-70.9825,-16.6775,OMATE,116023,CO,M,DIFERIDO,000850,2080,201409,201908
-80.61654,-5.17528,MIRAFLORES,105100,MAP,M,DIFERIDO,000207,34,201407,201907
-79.50572,-5.83964,PORCULLA,100105,PLU,M,DIFERIDO,152132,2142,201409,201908
-79.36056,-5.36681,HACIENDA SHUMAYA,105024,PLU,M,DIFERIDO,152128,1991,201402,201901
-79.34742,-5.47718,TULUCE,105023,PLU,M,DIFERIDO,152127,2233,201402,201901
-79.41575,-5.33922,SONDORILLO,220509,HLG,H,DIFERIDO,220510,1694,201004,201809
-79.7857,-5.3209,HACIENDA BIGOTE,105015,PLU,M,DIFERIDO,152111,198,201401,201812
-80.39783,-4.4792,ALAMOR,104044,PLU,M,DIFERIDO,152153,150,201403,201903
-80.3978,-4.4792,ALAMOR,200322,HLM,H,DIFERIDO,200324,118,201006,201809
-80.73945,-4.51556,PANANGA,104014,PLU,M,DIFERIDO,152101,360,201404,201903
-70.02353,-14.69011,PROGRESO,114040,CO,M,DIFERIDO,000778,3980,201407,201906
-70.49714,-13.80389,OLLACHEA,113044,CO,M,DIFERIDO,000695,2850,201310,201906
-70.40492,-13.44081,SAN GABAN,113119,CO,M,DIFERIDO,156401,635,201406,201906
-69.03883,-16.56335,DESAGUADERO,116060,CO,M,DIFERIDO,000883,3808,201310,201906
-69.31697,-16.57225,CALLACAME,116075,PLU,M,DIFERIDO,116075,3951,201105,201907
-69.7355,-17.18772,CAPAZO,117041,CO,M,DIFERIDO,158326,4530,201311,201908
-69.35556,-15.01667,COJATA,115053,CO,M,DIFERIDO,000827,4344,201408,201908
-69.87381,-15.25544,RAMIS,270200,PLU,M,DIFERIDO,157733,3850,201008,201906
-69.97247,-15.31167,TARACO,115047,CO,M,DIFERIDO,000816,3849,201406,201906
-70.78653,-14.62375,SANTA ROSA,114047,CO,M,DIFERIDO,000823,3986,201112,201706
-70.71569,-14.78478,CHUQUIBAMBILLA,114035,CP,M,DIFERIDO,000764,3971,201409,201908
-69.48883,-15.56228,ISLA SOTO,100065,CO,M,DIFERIDO,000817,3815,201309,201906
-70.16944,-15.47444,JULIACA,115138,CO,M,DIFERIDO,007454,3820,201310,201906
-70.22436,-15.47211,PUENTE ISLA CABANILLAS,210406,HLM,H,DIFERIDO,210406,3850,201309,201808
-70.20903,-15.44386,LAMPA,210405,HLM,H,DIFERIDO,210405,3838,201409,201908
-69.549,-14.48892,CUYO CUYO,114096,CO,M,DIFERIDO,157418,3414,201409,201908
-69.70561,-14.15375,LIMBANI,114049,CO,M,DIFERIDO,000825,3320,201309,201906
-69.70561,-14.15375,LIMBANI,260501,HLG,H,DIFERIDO,260501,3320,201408,201908
-69.15686,-15.21667,TAMBOPATA,114043,CO,M,DIFERIDO,000790,1385,201109,201701
-69.07472,-16.30783,TAHUACO - YUNGUYO,116030,CO,M,DIFERIDO,000882,3891,201407,201906
-68.85094,-16.33022,ISLA SUANA,116009,CO,M,DIFERIDO,000822,3830,201309,201906
-76.40611,-7.40778,DOS DE MAYO (J. OLAYA),107069,CO,M,DIFERIDO,153225,290,201308,201904
-76.48611,-7.26292,CUZCO-BIAVO,107095,PLU,M,DIFERIDO,153345,290,201401,201904
-76.5,-7.26667,BIAVO,221804,HLG,H,DIFERIDO,221804,290,201405,201904
-76.48722,-7.17222,LA UNION,107013,CO,M,DIFERIDO,000384,240,201302,201902
-76.48278,-7.12611,NUEVO LIMA,107089,CO,M,DIFERIDO,153312,260,201302,201903
-76.85,-6.28333,PACAYZAPA,110127,CO,M,DIFERIDO,110127,900,201302,201903
-76.60028,-6.41312,SHANAO,106115,PLU,M,DIFERIDO,153328,280,201401,201904
-76.60001,-6.41291,SHANAO,221802,HLG,H,DIFERIDO,221802,279,201308,201904
-76.50028,-6.50028,CUÑUMBUQUE,106094,PLU,M,DIFERIDO,153311,280,201401,201904
-76.75,-7.23333,HUAYABAMBA,107101,PLU,M,DIFERIDO,153350,375,201401,201904
-76.67,-7.44222,CAMPANILLA,100019,CO,M,DIFERIDO,003304,290,201308,201904
-76.68333,-7.43333,CAMPANILLA,221821,HLM,H,DIFERIDO,221902,390,201401,201904
-76.33361,-6.93361,PICOTA,106095,PLU,M,DIFERIDO,153313,200,201401,201904
-77.38722,-5.82611,NARANJILLO,105103,CO,M,DIFERIDO,000219,890,201304,201904
-76.25,-6.71667,LAGUNA SAUCE,221806,HLM,H,DIFERIDO,221807,618,201308,201904
-75.77361,-6.35153,NAVARRO,106018,CO,M,DIFERIDO,000386,130,201303,201903
-75.79,-6.21556,PELEJO,106112,CO,M,DIFERIDO,153322,100,201312,201903
-75.84556,-6.45278,PUCALLPA - HUIMBAYOC,106110,PLU,M,DIFERIDO,153320,120,201401,201904
-76.38361,-6.46694,CUMBAZA,221801,HLG,H,DIFERIDO,221801,350,201308,201904
-76.41694,-6.41694,SAN ANTONIO,106096,CO,M,DIFERIDO,153314,430,201303,201903
-70.04472,-17.91528,CANAL UCHUSUMA,215000,HLM,H,DIFERIDO,205206,1718,201311,201907
-69.77944,-17.525,PAUCARANI,117043,CO,M,DIFERIDO,158328,4609,201408,201907
-70.42361,-16.875,PAMPA UMALZO (TITIJONES),116052,CO,M,DIFERIDO,158309,4609,201407,201907
-70.33889,-17.28806,CAIRANI,117030,CO,M,DIFERIDO,158313,3920,201409,201908
-70.23536,-17.32561,ARICOTA,117054,CO,M,DIFERIDO,117054,2825,201409,201908
-70.76222,-17.60972,LOCUMBA,117010,CO,M,DIFERIDO,000853,550,201201,201612
-69.635,-17.36389,CHUAPALCA,270900,HLM,H,DIFERIDO,211706,4338,201406,201907
-69.46759,-17.39359,LA FRONTERA,117049,CO,M,DIFERIDO,158332,4000,201408,201907
-69.64361,-17.305,CHUAPALCA,117013,CO,M,DIFERIDO,000860,4177,201408,201907
-69.99972,-17.55917,TALABAYA,117039,PE,M,DIFERIDO,158323,3420,201409,201908
-70.13556,-17.3725,SITAJARA,117034,PLU,M,DIFERIDO,158318,3132,201404,201903
-70.05083,-17.1175,VILACOTA,117014,CO,M,DIFERIDO,000861,4440,201409,201908
-70.05653,-17.11978,VILACOTA,211705,HLM,H,DIFERIDO,211707,4448,201406,201907
-70.13333,-17.351,SUSAPAYA,117033,CO,M,DIFERIDO,158317,3433,201406,201905
-80.40182,-3.97594,CABO INGA,103043,CO,M,DIFERIDO,000139,228,201208,201809
-80.19859,-3.68284,MATAPALO,103008,PLU,M,DIFERIDO,150112,56,201312,201903
-74.57185,-8.41323,PUCALLPA,108021,CP,M,DIFERIDO,000449,162,201401,201905
-74.86611,-8.5825,EL BOQUERON,109090,CO,M,DIFERIDO,109090,170,201303,201904
-75.09675,-8.44999,EL MARONAL,108027,CP,M,DIFERIDO,000459,185,201408,201907
-75.71889,-13.63972,LETRAYOC,113153,PLU,M,DIFERIDO,156132,776,201309,201810
-75.62102,-13.60118,HUANCANO,113009,CO,M,DIFERIDO,000639,1010,201207,201804
-75.11625,-11.92745,ACOPALCA,111174,CO,M,DIFERIDO,111174,3839,201307,201811
-75.24194,-12.04806,PUENTE BREÑA,112263,PLU,M,DIFERIDO,112263,3220,201010,201501
-74.83056,-10.94917,PERENE,110133,PLU,M,DIFERIDO,155421,660,201001,201501
-74.83083,-10.94944,PERENE,230930,HLG,H,DIFERIDO,230938,500,201208,201811
-75.34606,-11.20139,RIO TULUMAYO,111281,PLU,M,DIFERIDO,111281,1259,201002,201501
-74.25028,-11.13361,PUERTO OCOPA,111039,CO,M,DIFERIDO,000572,690,201402,201906
-76.28505,-11.20267,CARHUACAYAN,111070,PLU,M,DIFERIDO,155115,4127,201409,201908
-76.32569,-11.1865,RIO PALLANGA,230801,HLM,H,DIFERIDO,230902,4207,201409,201908
-76.1,-11.7,RUMICHACA,230803,HLM,H,DIFERIDO,230908,4368,201408,201908
-76.08333,-11.66667,YAULI,111099,PLU,M,DIFERIDO,155235,4141,201409,201908
-78.48607,-8.04229,JULCAN,108043,PLU,M,DIFERIDO,154101,3385,201408,201907
-78.75503,-7.85021,SINSICAP,107059,PLU,M,DIFERIDO,153206,2315,201408,201907
-79.4191,-7.28005,TALLA (GUADALUPE),100136,CP,M,DIFERIDO,000325,117,201409,201908
-78.06705,-7.9325,LAGUNA HUANGACOCHA,220204,HLM,H,DIFERIDO,220204,3895,201408,201907
-78.06811,-7.93761,HUANGACOCHA,107092,PLU,M,DIFERIDO,153327,3763,201408,201907
-77.95397,-8.19137,MOLLEPATA,108046,PE,M,DIFERIDO,154106,2708,201408,201907
-78.29306,-8.12139,HUACAMARCANGA,108048,PE,M,DIFERIDO,154112,3883,201408,201907
-78.29111,-8.10639,HUACAMARCANGA,201717,HLM,H,DIFERIDO,201717,3650,201408,201907
-78.30791,-8.00422,QUIRUVILCA,108044,PLU,M,DIFERIDO,154102,4047,201402,201907
-79.4279,-6.65493,TINAJONES,106049,CP,M,DIFERIDO,000335,182,201409,201908
-79.28932,-6.80359,BATAN,201001,HLG,H,DIFERIDO,201001,246,201111,201802
-79.31806,-6.23389,INCAHUASI,106037,CP,M,DIFERIDO,000307,3052,201309,201904
-79.4045,-6.1313,CUEVA BLANCA,106060,PLU,M,DIFERIDO,153102,3300,201409,201908
-79.46951,-6.37361,PUCHACA,106120,CO,M,DIFERIDO,003114,336,201405,201907
-79.46697,-6.37317,PUCHACA,200801,HLG,H,DIFERIDO,200802,345,201206,201906
-80.20463,-5.92461,CERRO DE ARENA,105122,CO,M,DIFERIDO,105122,59,201405,201906
-79.97172,-5.91744,PASAJE SUR,105121,CO,M,DIFERIDO,105121,85,201406,201906
-78.80512,-6.37964,CUTERVO,106057,CO,M,REAL,,2668,201701,201909
-78.51823,-6.68656,LLAUCANO CORELLAMA,221106,HLG,H,REAL,,2530,201701,201909
-78.51834,-6.67655,BAMBAMARCA,100015,CP,M,REAL,,2495,201701,201909
-78.77416,-5.67664,JAEN,105067,CP,M,REAL,,618,201701,201909
-78.99512,-5.14708,SAN IGNACIO,105058,CO,M,REAL,,1243,201701,201909
-78.89759,-5.3085,CHIRINOS,105074,CO,M,REAL,,1772,201802,201909
-79.08862,-4.99953,NAMBALLE,105107,CO,M,REAL,,722,201802,201909
-79.28492,-5.31523,TABACONAS,105056,CO,M,REAL,,1605,201806,201909
-78.1727,-7.32249,SAN MARCOS,107006,CO,M,REAL,,2287,201705,201909
-78.21262,-7.23687,SONDOR-MATARA,107038,CO,M,REAL,,2908,201701,201909
-78.85308,-6.99684,SAN MIGUEL,106038,CO,M,REAL,,2658,201701,201909
-78.744,-6.82275,QUILCATE,106039,CO,M,REAL,,3082,201709,201909
-78.81119,-6.97833,LLAPA,106019,CO,M,REAL,,2932,201701,201909
-79.12902,-6.92511,NIEPOS,100092,CO,M,REAL,,2424,201701,201909
-78.83083,-7.11775,SAN PABLO,107036,CO,M,REAL,,2338,201707,201909
-78.94761,-6.61657,SANTA CRUZ,106056,CO,M,REAL,,2002,201705,201909
-79.09377,-6.81474,UDIMA,106068,CO,M,REAL,,2466,201802,201909
-71.87528,-13.55694,GRANJA KCAYRA,100044,MAP,M,REAL,,3219,201701,201909
-71.68361,-13.91694,ACOMAYO,113038,CO,M,REAL,,3160,201701,201908
-71.57278,-14.02806,POMACANCHI,114046,CO,M,REAL,,3200,201701,201909
-72.575,-13.56222,PUENTE CUNYAC,230503,HLG,H,REAL,,2345,201706,201909
-72.21583,-13.46833,ANTA ANCACHURO,113035,CO,M,REAL,,3340,201701,201909
-71.84972,-13.41611,PISAC,100101,CO,M,REAL,,2950,201701,201909
-71.84139,-13.42778,PISAC,250303,HLG,H,REAL,,2971,201701,201909
-72.28361,-12.68361,QUEBRADA YANATILE,112154,CO,M,REAL,,1050,201701,201909
-71.23722,-14.25361,SICUANI,114033,CO,M,REAL,,3574,201701,201909
-71.2319,-14.16991,SALCCA,250308,HLM,H,REAL,,3918,201711,201909
-72.08861,-14.39944,SANTO TOMAS,114030,CO,M,REAL,,3253,201701,201909
-72.17167,-14.4175,PUENTE COLCA,230502,HLM,H,REAL,,3250,201703,201909
-72.69194,-12.85611,QUILLABAMBA,112036,CP,M,REAL,,990,201706,201909
-71.84472,-13.7675,PARURO,113037,CO,M,REAL,,3084,201701,201909
-71.59528,-13.31472,PAUCARTAMBO,250405,HLG,H,REAL,,3042,201701,201909
-71.59056,-13.32444,PAUCARTAMBO,100100,CO,M,REAL,,3042,201701,201909
-71.70028,-13.60028,CAY CAY,113122,CO,M,REAL,,3150,201705,201909
-71.72056,-13.10694,CHACLLABAMBA,250301,HLG,H,REAL,,2518,201711,201908
-71.64722,-13.2175,CHALLABAMBA,100024,CO,M,REAL,,2740,201701,201909
-71.67306,-13.36306,COLQUEPATA,113116,CO,M,REAL,,3729,201701,201909
-70.75028,-13.21694,QUINCEMIL,100114,CO,M,REAL,,651,201705,201909
-71.56028,-13.61,CCATCCA,113041,CO,M,REAL,,3729,201701,201909
-72.12455,-13.30517,URUBAMBA,113034,CP,M,REAL,,2850,201701,201909
-72.54585,-13.16655,MACHU PICCHU,113031,CO,M,REAL,,2548,201701,201909
-75.09167,-12.41111,PILCHACA,112060,CO,M,REAL,,3880,201701,201909
-74.56028,-12.85306,ACOBAMBA,112067,CO,M,REAL,,3236,201701,201909
-74.71808,-12.98194,LIRCAY,112065,CO,M,REAL,,3360,201701,201909
-75.4,-13.78333,CHALLACA,213502,HLM,H,REAL,,1934,201701,201909
-74.86611,-12.39306,PAMPAS,112012,CO,M,REAL,,3240,201701,201909
-75.05639,-12.36611,ACOSTAMBO,112051,CO,M,REAL,,3675,201712,201909
-74.66681,-12.41472,COLCABAMBA,112163,CO,M,REAL,,3055,201701,201909
-74.78583,-12.19944,SALCABAMBA,100120,CO,M,REAL,,3280,201701,201909
-76.30962,-9.92095,CANCHAN,100020,CO,M,REAL,,1986,201701,201909
-76.30938,-9.9222,PUENTE HIGUERAS,221811,HLM,H,REAL,,2006,201701,201909
-76.24856,-9.95201,HUANUCO,109003,CP,M,REAL,,1947,201705,201909
-76.1824,-10.3399,SAN RAFAEL,221309,HLM,H,REAL,,2717,201701,201909
-76.17652,-10.32924,SAN RAFAEL,110025,CO,M,REAL,,2722,201701,201909
-76.77361,-9.71694,DOS DE MAYO,109077,CO,M,REAL,,3442,201701,201909
-76.00044,-9.3085,TINGO MARIA,109027,CP,M,REAL,,660,201701,201909
-76.00207,-9.29601,TINGO MARIA,221820,HLG,H,REAL,,646,201701,201909
-75.81393,-9.20091,LA DIVISORIA,108025,CO,M,REAL,,1961,201701,201909
-76.11171,-8.92987,AUCAYACU,108033,CO,M,REAL,,586,201701,201909
-76.00944,-9.14706,TULUMAYO,109028,MAP,M,REAL,,640,201803,201909
-75.90028,-9.83361,CHAGLLA,109021,CO,M,REAL,,2800,201701,201909
-74.95028,-9.36694,PUERTO INCA,231101,HLM,H,REAL,,215,201701,201909
-74.96083,-9.38139,PUERTO INCA,109032,CO,M,REAL,,249,201701,201909
-74.70882,-8.92749,TOURNAVISTA,108034,CO,M,REAL,,213,201806,201909
-76.50028,-9.88361,JACAS CHICO,109022,PE,M,REAL,,3673,201701,201909
-75.72052,-13.99978,TACAMA,113058,CO,M,REAL,,429,201701,201909
-75.68208,-14.37844,OCUCAJE,114020,CO,M,REAL,,311,201701,201909
-75.71101,-14.07331,SAN CAMILO,114008,MAP,M,REAL,,407,201701,201909
-75.67869,-13.92475,LOS MOLINOS (ALEJANDRO PLAZA GARCIA),213500,HLG,H,REAL,,500,201705,201909
-75.60704,-13.843,HUAMANI,113010,CO,M,REAL,,790,201701,201909
-76.13425,-13.45781,FONAGRO (CHINCHA),100043,MAP,M,REAL,,71,201701,201909
-75.78697,-13.21058,SAN JUAN DE YANAC,113081,CO,M,REAL,,2513,201701,201909
-75.64629,-13.04795,SAN PEDRO DE HUACARPANA,113061,CO,M,REAL,,3772,201705,201909
-74.95028,-14.63361,HUALLPOCA,230712,HLG,H,REAL,,1025,201701,201909
-74.89082,-14.97501,COPARA,114018,CO,M,REAL,,587,201802,201909
-75.18926,-14.54939,PALPA,114021,CO,M,REAL,,340,201701,201909
-71.09062,-15.84266,IMATA,115029,CO,M,REAL,,4475,201701,201909
-71.46378,-15.49428,SIBAYO,115024,CO,M,REAL,,3806,201701,201909
-72.65065,-15.84602,CHUQUIBAMBA,115020,CO,M,REAL,,2850,201701,201909
-72.83333,-15.5,SALAMANCA,115043,CO,M,REAL,,3203,201706,201909
-71.63879,-16.99936,LA PASCANA,204905,HLG,H,REAL,,222,201804,201909
-71.72454,-17.07147,PAMPA BLANCA,117005,CP,M,REAL,,106,201701,201909
-72.89325,-15.21134,COTAHUASI,115019,CO,M,REAL,,2683,201701,201909
-73.82756,-13.43422,MARCELINO SERNA (PAMPAS),251001,HLG,H,REAL,,1982,201705,201909
-74.21694,-13.07667,WAYLLAPAMPA,112069,CO,M,REAL,,2470,201701,201909
-74.14222,-13.05167,LA QUINUA,113021,CO,M,REAL,,3240,201701,201909
-74.39067,-13.08742,SAN PEDRO DE CACHI,100127,CO,M,REAL,,2990,201701,201909
-74.1316,-14.69928,PUQUIO,114023,CO,M,REAL,,3168,201701,201909
-74.94056,-14.13194,HUAC-HUAS,114055,CO,M,REAL,,3180,201701,201909
-74.92135,-14.23998,LLAUTA,213600,HLG,H,REAL,,2615,201701,201909
-73.77945,-15.01194,CORACORA,115015,CO,M,REAL,,3156,201701,201909
-73.34113,-15.27533,PAUZA,115017,CO,M,REAL,,2477,201701,201909
-73.63882,-14.04378,PAUCARAY,114044,CO,M,REAL,,3238,201701,201909
-74.07056,-13.75028,HUANCAPI,113022,CO,M,REAL,,3120,201701,201909
-73.93444,-13.64833,VILCASHUAMAN,113100,CO,M,REAL,,3656,201701,201909
-78.47833,-7.165,MASHCON,220213,HLG,H,REAL,,2515,201701,201909
-78.6334,-7.03753,GRANJA PORCON,107002,CO,M,REAL,,3149,201701,201909
-78.49309,-7.1675,AUGUSTO WEBERBAUER,107028,MAP,M,REAL,,2673,201701,201909
-78.51582,-7.32604,ASUNCION,107018,CO,M,REAL,,2270,201701,201909
-78.54106,-7.42857,COSPAN,100037,CO,M,REAL,,2423,201709,201908
-78.33314,-7.12327,LA ENCAÑADA,107093,CO,M,REAL,,2980,201701,201909
-78.40376,-7.22064,JESUS TUNEL,220205,HLG,H,REAL,,2568,201701,201909
-78.38841,-7.2457,JESUS,107016,CO,M,REAL,,2564,201701,201909
-78.29472,-7.24262,NAMORA BOCATOMA,220206,HLG,H,REAL,,2612,201701,201909
-78.65261,-7.25346,MAGDALENA,107017,CO,M,REAL,,1307,201701,201909
-78.32782,-7.2006,NAMORA,107037,CO,M,REAL,,2744,201705,201909
-78.49106,-7.29756,SAN JUAN,107005,CO,M,REAL,,2228,201711,201909
-78.05131,-7.62166,CAJABAMBA,107008,CO,M,REAL,,2625,201701,201909
-78.26855,-7.45106,CACHACHI,107068,PE,M,REAL,,3203,201810,201909
-78.11313,-7.46354,PUENTE CRISNEJAS,220201,HLM,H,REAL,,1988,201701,201909
-78.14485,-6.85292,CELENDIN,106010,CO,M,REAL,,2602,201701,201909
-78.03024,-6.84465,BALZAS,221303,HLM,H,REAL,,854,201701,201909
-78.64863,-6.54713,CHOTA,106034,CO,M,REAL,,2468,201701,201909
-78.8886,-6.46009,COCHABAMBA,106058,CO,M,REAL,,1653,201802,201909
-78.96315,-6.45368,HUAMBOS,106054,CP,M,REAL,,2263,201706,201909
-78.74111,-6.55972,CHOTANO LAJAS,220611,HLG,H,REAL,,2148,201802,201909
-79.12262,-6.51443,LLAMA,106053,CO,M,REAL,,2096,201802,201909
-79.35583,-6.40806,TOCMOCHE,106061,CO,M,REAL,,1435,201805,201909
-78.82273,-7.36521,CONTUMAZA,107052,CO,M,REAL,,2542,201701,201909
-78.83799,-7.21969,PUENTE CHILETE,201207,HLG,H,REAL,,848,201701,201909
-78.83799,-7.21968,CHILETE,107058,PLU,M,REAL,,848,201810,201909
-78.92673,-7.42819,SAN BENITO,107057,CO,M,REAL,,1317,201810,201909
-78.16232,-10.06812,HUARMEY,110016,CO,M,REAL,,8,201701,201909
-77.65519,-9.92723,MALVAS,109038,CO,M,REAL,,2979,201707,201909
-77.35072,-8.87045,PISCOBAMBA II,108103,CO,M,REAL,,3290,201803,201909
-78.00461,-8.39058,CABANA,108064,CP,M,REAL,,3364,201701,201909
-77.45733,-8.8217,POMABAMBA,108017,CO,M,REAL,,2985,201701,201909
-77.45365,-9.72919,RECUAY,109017,CO,M,REAL,,3431,201701,201909
-77.86712,-6.2083,CHACHAPOYAS,106011,CO,M,REAL,,2442,201701,201909
-78.43553,-5.41994,ARAMANGO,105075,CO,M,REAL,,508,201705,201909
-77.97569,-5.94485,JAZAN,105079,CO,M,REAL,,1354,201901,201909
-78.43154,-5.75568,LOS NARANJOS,221501,HLG,H,REAL,,427,201701,201909
-78.53396,-5.66148,BAGUA CHICA,105068,CP,M,REAL,,397,201701,201909
-78.23725,-5.89369,JAMALCA,105042,CO,M,REAL,,1173,201701,201909
-77.74136,-9.63204,CAJAMARQUILLA,109046,CO,M,REAL,,3286,201801,201909
-77.88761,-9.55239,PARIACOTO,109040,CO,M,REAL,,1312,201706,201909
-77.60674,-9.78165,AIJA,109016,CO,M,REAL,,3508,201701,201909
-77.15949,-10.14763,CHIQUIAN,110018,CO,M,REAL,,3386,201701,201909
-77.17526,-9.58598,CHAVIN,109019,CO,M,REAL,,3140,201701,201909
-77.55872,-10.20739,CHAMANA,110039,CO,M,REAL,,1260,201706,201909
-77.65,-8.56667,SIHUAS,108047,CO,M,REAL,,2716,201701,201909
-77.74998,-9.14189,YUNGAY,109018,CO,M,REAL,,2466,201701,201909
-72.73472,-13.55222,CURAHUASI,113029,CP,M,REAL,,2763,201701,201909
-72.85761,-13.60433,GRANJA SAN ANTONIO,113225,MAP,M,REAL,,2804,201701,201909
-73.36667,-13.64861,ANDAHUAYLAS,113025,CO,M,REAL,,2865,201701,201909
-73.25064,-14.29153,AYMARAES,114117,CO,M,REAL,,2964,201701,201909
-72.17522,-13.94492,TAMBOBAMBA,113059,CO,M,REAL,,3317,201701,201909
-73.82472,-13.43672,PAMPAS,113138,CO,M,REAL,,2031,201705,201909
-72.66667,-14.06139,CURPAHUASI,114108,CO,M,REAL,,3579,201701,201909
-71.53453,-16.4138,LA PAMPILLA,116017,MAP,M,REAL,,2326,201701,201909
-71.40939,-16.40645,CHIGUATA,116020,CO,M,REAL,,2902,201704,201909
-71.56635,-16.45774,HUASACACHE,116003,CO,M,REAL,,2200,201701,201909
-71.67503,-16.42679,PUENTE DEL DIABLO,204707,HLG,H,REAL,,1983,201701,201909
-71.57431,-16.45992,TINGO GRANDE,204708,HLG,H,REAL,,2196,201802,201909
-71.92464,-16.58359,LA JOYA,116005,MAP,M,REAL,,1278,201701,201909
-72.69957,-16.54193,HACIENDA PAMPATA,204621,HLG,H,REAL,,73,201707,201909
-73.1145,-16.427,OCOÑA,204504,HLG,H,REAL,,23,201707,201909
-72.70156,-16.64034,CAMANA,116013,CO,M,REAL,,8,201701,201909
-73.36259,-15.77568,CARAVELI,115018,CO,M,REAL,,1755,201701,201909
-73.69417,-16.22833,PUNTA ATICO,116011,CO,M,REAL,,20,201701,201909
-73.87089,-15.74765,CHAPARRA,100026,CO,M,REAL,,1033,201701,201909
-74.8503,-15.57119,LOMAS,115133,CO,M,REAL,,8,201809,201909
-72.48355,-16.00806,HUATIAPA,204617,HLG,H,REAL,,689,201701,201909
-72.49226,-16.07288,APLAO,116014,CO,M,REAL,,618,201701,201909
-72.3551,-15.5009,ANDAHUA,115085,CO,M,REAL,,3562,201805,201909
-72.12932,-15.57497,CHOCO,115089,CO,M,REAL,,2428,201805,201909
-72.50222,-15.64528,MACHAHUAY,115129,CO,M,REAL,,3150,201701,201909
-72.33861,-15.26056,ORCOPAMPA,115086,CO,M,REAL,,3779,201701,201909
-72.56722,-15.71389,PAMPACOLCA,115021,CO,M,REAL,,2950,201701,201909
-71.60169,-15.64163,CHIVAY,115025,CO,M,REAL,,3644,201701,201909
-71.97409,-15.6226,CABANACONDE,115041,CO,M,REAL,,3333,201701,201909
-71.77019,-15.18882,CAYLLOMA,115022,CO,M,REAL,,4318,201701,201909
-72.10693,-15.73201,HUAMBO,115090,CO,M,REAL,,3312,201709,201908
-71.88108,-16.03458,HUANCA,116058,CO,M,REAL,,3065,201701,201909
-77.82178,-10.67398,PARAMONGA,110015,CP,M,REAL,,18,201801,201909
-76.98971,-10.47788,CAJATAMBO,110019,CO,M,REAL,,3432,201707,201909
-76.62569,-11.47121,CANTA,111026,CP,M,REAL,,2818,201701,201909
-76.62217,-11.45293,OBRAJILLO,202802,HLG,H,REAL,,2706,201701,201909
-76.83719,-11.69463,PUENTE MAGDALENA,111151,HLG,H,REAL,,935,201802,201909
-76.49637,-12.52194,LA CAPILLA,203101,HLG,H,REAL,,403,201708,201909
-76.20027,-13.03051,SOCSI CAÑETE,113140,PE,M,REAL,,302,201701,201909
-76.19453,-13.0283,SOCSI,203302,HLG,H,REAL,,310,201701,201909
-76.05793,-12.86689,PACARAN,112058,CO,M,REAL,,684,201701,201909
-76.05479,-12.86096,PACARAN,203303,HLM,H,REAL,,688,201802,201909
-77.122,-11.45281,HUAYAN,111022,CO,M,REAL,,346,201803,201909
-77.02823,-11.37009,SANTO DOMINGO,202701,HLG,H,REAL,,620,201701,201909
-72.15266,-16.33565,PAMPA DE MAJES,116006,MAP,M,REAL,,1498,201701,201909
-75.03611,-12.78028,HUANCAVELICA,112061,CO,M,REAL,,3860,201705,201909
-73.29322,-3.78653,PUERTO ALMENDRA,103046,CO,M,REAL,,146,201701,201909
-76.37792,-11.83913,MATUCANA,111027,CO,M,REAL,,2417,201802,201909
-76.62437,-12.0314,ANTAPUCRO,203003,HLG,H,REAL,,1026,201802,201909
-76.25938,-11.7345,RIO BLANCO,202904,HLG,H,REAL,,3510,201708,201909
-76.23429,-12.13886,HUAROCHIRI,112055,CO,M,REAL,,3120,201801,201909
-76.35207,-12.18088,SAN LAZARO DE ESCOMARCA,112126,CO,M,REAL,,3758,201701,201909
-76.301,-11.76017,SAN MATEO DE HUANCHOR,111175,PLU,M,REAL,,3015,201801,201909
-76.30111,-11.76012,SAN MATEO,202905,HLG,H,REAL,,3156,201801,201909
-76.66664,-11.92,SANTA EULALIA,111086,PLU,M,REAL,,970,201801,201909
-76.66678,-11.91984,SANTA EULALIA,202930,HLM,H,REAL,,970,201802,201909
-77.60603,-11.12386,UNJF SANCHEZ CARRION - HUACHO,111163,CP,M,REAL,,45,201707,201909
-77.36839,-11.36014,LOMAS DE LACHAY,111018,CO,M,REAL,,384,201706,201909
-77.55011,-11.06068,ALCANTARILLA,111004,MAP,M,REAL,,131,201701,201909
-76.73701,-10.92162,PICOY,110021,CO,M,REAL,,2920,201803,201909
-76.7367,-10.92164,PICOY,202607,HLG,H,REAL,,2903,201802,201909
-77.2,-11.15,SAYAN,212301,HLM,H,REAL,,790,201701,201909
-77.6489,-10.91294,CAMAY,110017,CO,M,REAL,,59,201701,201909
-75.91039,-12.49173,YAUYOS,112057,CO,M,REAL,,2285,201801,201909
-75.83365,-12.89858,HUANGASCAR,112134,PE,M,REAL,,2500,201803,201909
-73.25406,-3.69003,PUNCHANA,103015,PE,M,REAL,,116,201901,201909
-73.16112,-4.00356,TAMSHIYACU,103049,CO,M,REAL,,98,201701,201909
-73.1614,-4.00316,TAMSHIYACU,240103,HLM,H,REAL,,97,201701,201909
-72.76667,-3.42333,FRANCISCO ORELLANA,103024,PE,M,REAL,,137,201707,201909
-73.07944,-3.48472,MAZAN,103044,CP,M,REAL,,103,201701,201909
-76.08361,-5.93361,SAN RAMON,100128,CP,M,REAL,,120,201701,201909
-76.55477,-4.82954,SAN LORENZO,104057,CO,M,REAL,,150,201803,201909
-76.70678,-4.83122,SAN LORENZO,220108,HLG,H,REAL,,300,201803,201909
-75.81883,-5.21814,LAGUNAS,230603,HLM,H,REAL,,118,201701,201909
-73.58375,-4.51336,NAUTA,104056,CO,M,REAL,,88,201901,201909
-70.51206,-3.91125,CABALLOCOCHA,103031,CO,M,REAL,,107,201701,201909
-71.85756,-3.31453,PEBAS,103054,CO,M,REAL,,106,201701,201909
-69.20028,-12.58361,PUERTO MALDONADO,100109,CP,M,REAL,,200,201701,201909
-69.578,-10.95589,IÑAPARI,110129,CO,M,REAL,,244,201703,201909
-70.93167,-17.16917,MOQUEGUA,117002,CP,M,REAL,,1450,201701,201909
-70.69444,-16.81306,CARUMAS,116025,CO,M,REAL,,2976,201701,201909
-70.6828,-16.735,CALACOA,116051,CO,M,REAL,,3260,201707,201909
-71.16944,-16.62694,PUQUINA,116021,CO,M,REAL,,3284,201701,201909
-70.85394,-16.37206,UBINAS,100142,CO,M,REAL,,3380,201701,201907
-71.37361,-17.69867,PUNTA COLES,117008,CO,M,REAL,,25,201701,201909
-71.28806,-17.62694,ILO,117007,CO,M,REAL,,75,201701,201909
-76.25028,-10.69361,CERRO DE PASCO,110037,CO,M,REAL,,4260,201701,201909
-76.51285,-10.4896,YANAHUANCA,110007,CO,M,REAL,,3150,201701,201909
-75.38417,-10.59417,OXAPAMPA,110028,CO,M,REAL,,1850,201701,201909
-75.55028,-10.05028,POZUZO,110027,CO,M,REAL,,1000,201701,201909
-80.68436,-5.2462,SAN MIGUEL,105063,MAP,M,REAL,,24,201701,201909
-80.27982,-4.73197,PARTIDOR,104084,CO,M,REAL,,218,201701,201909
-79.71077,-4.63776,AYABACA,104058,CP,M,REAL,,2633,201701,201909
-79.75792,-4.75238,SAUSAL DE CULUCAN,104059,CO,M,REAL,,997,201803,201909
-79.89047,-4.9169,ALTO DE POCLUS,104097,CP,M,REAL,,3080,201701,201909
-79.98178,-4.77817,SAPILLICA,104019,PLU,M,REAL,,1466,201905,201909
-79.45399,-5.24681,HUANCABAMBA,105055,CP,M,REAL,,1954,201701,201909
-79.46349,-5.11153,SALALA,105096,CP,M,REAL,,2974,201902,201909
-79.52542,-5.56599,HUARMACA,105064,CO,M,REAL,,2178,201701,201909
-79.43137,-5.3398,SONDORILLO,105022,CO,M,REAL,,1917,201802,201909
-80.16956,-5.10843,CHULUCANAS,105070,CP,M,REAL,,89,201703,201909
-79.79168,-5.03865,CHALACO,105016,CP,M,REAL,,2296,201707,201909
-79.98233,-5.5337,VIRREY,105013,PLU,M,REAL,,208,201901,201909
-80.01621,-5.07954,SAN PEDRO,100126,PLU,M,REAL,,240,201708,201909
-80.01624,-5.0796,SAN PEDRO,200415,HLG,H,REAL,,241,201707,201909
-79.97107,-5.19465,MORROPON,105106,CO,M,REAL,,128,201701,201909
-79.85794,-5.33977,MALACASI,108007,CP,M,REAL,,153,201701,201909
-79.87038,-5.03824,SANTO DOMINGO,100131,CO,M,REAL,,1457,201701,201909
-81.05969,-4.92114,LA ESPERANZA,104090,CP,M,REAL,,7,201701,201909
-80.54717,-4.64288,LANCONES,104016,CO,M,REAL,,133,201707,201909
-80.73556,-4.85574,MALLARES,104079,CP,M,REAL,,44,201701,201909
-81.21815,-4.26198,EL ALTO,104080,CO,M,REAL,,291,201701,201909
-80.81275,-5.52756,CHUSIS,105105,CP,M,REAL,,8,201701,201909
-80.74262,-5.4545,BERNAL,105012,CO,M,REAL,,14,201707,201909
-70.01208,-15.82625,PUNO,100110,CP,M,REAL,,3812,201701,201907
-69.93603,-15.81597,LOS UROS,100088,CO,M,REAL,,3808,201701,201909
-69.81083,-15.99058,RINCON DE LA CRUZ,115052,CO,M,REAL,,3935,201709,201909
-69.691,-15.72047,ISLA TAQUILE,115049,CO,M,REAL,,3850,201707,201909
-69.83214,-15.60636,CAPACHICA,100021,CO,M,REAL,,3828,201701,201909
-70.33949,-15.79944,MAÑAZO,115051,CO,M,REAL,,3920,201701,201909
-70.06658,-16.15469,LARAQUERI,116033,CO,M,REAL,,3900,201701,201909
-70.19075,-14.91436,AZANGARO,114041,CO,M,REAL,,3863,201701,201909
-70.18936,-14.91975,PUENTE CARRETERA AZANGARO,210102,HLG,H,REAL,,3860,201701,201909
-70.11822,-15.13625,ARAPA,115035,CO,M,REAL,,3830,201701,201909
-69.95181,-14.76694,MUÑANI,114042,CO,M,REAL,,3948,201701,201909
-70.43908,-14.07,MACUSANI,114039,CO,M,REAL,,4345,201701,201909
-70.02592,-14.36419,CRUCERO,114058,CO,M,REAL,,4183,201701,201909
-69.45992,-16.20378,JULI,116061,CO,M,REAL,,3812,201701,201909
-69.03733,-16.56383,PUENTE DESAGUADERO,270700,HLG,H,REAL,,3808,201701,201909
-69.31697,-16.57225,PUENTE LOROCO CALLACAME,210502,HLG,H,REAL,,3951,201701,201909
-69.36856,-16.90703,PIZACOMA,116029,CO,M,REAL,,3930,201701,201909
-69.62592,-16.08825,PUENTE CARRETERA ILAVE,210301,HLG,H,REAL,,3850,201701,201907
-69.66194,-16.0675,ILAVE,116027,CO,M,REAL,,3871,201810,201909
-69.57094,-16.14039,PUENTE ZAPATILLA,270503,HLM,H,REAL,,3840,201701,201909
-69.71547,-16.739,MAZO CRUZ,116026,CO,M,REAL,,4003,201707,201909
-69.87381,-15.25544,PUENTE RAMIS,210101,HLG,H,REAL,,3812,201701,201909
-69.75356,-15.2015,HUANCANE,115037,CO,M,REAL,,3890,201701,201909
-69.79258,-15.21647,PUENTE HUANCANE,210201,HLG,H,REAL,,3860,201701,201909
-70.37211,-15.67344,LAMPA,100081,CO,M,REAL,,3892,201701,201909
-70.67578,-15.48353,PAMPAHUTA,115027,CO,M,REAL,,4400,201705,201908
-70.36664,-15.04561,PUCARA,115046,CO,M,REAL,,3900,201707,201909
-70.60002,-15.68427,RIO VERDE,270300,HLG,H,REAL,,4036,201802,201909
-70.91242,-15.76446,CRUCERO ALTO,115044,CO,M,REAL,,4521,201706,201909
-70.59289,-14.87267,AYAVIRI,114038,CO,M,REAL,,3928,201701,201909
-70.88594,-14.93653,LLALLY,114034,CO,M,REAL,,3980,201701,201909
-69.48428,-15.38828,HUARAYA MOHO,115038,CO,M,REAL,,3890,201701,201909
-69.86803,-14.91489,PUTINA,114093,CO,M,REAL,,3878,201701,201909
-69.53453,-14.67872,ANANEA,114050,CO,M,REAL,,4660,201701,201909
-70.19133,-15.45085,PUENTE COATA-UNOCOLLA,210407,HLG,H,REAL,,3835,201803,201909
-69.96989,-15.16958,CABANILLAS,115033,CO,M,REAL,,3920,201803,201909
-76.96667,-6,MOYOBAMBA,106014,CO,M,REAL,,860,201701,201909
-76.90278,-6.11542,JEPELACIO,106088,CO,M,REAL,,1000,201701,201909
-77.09472,-6.14528,SORITOR,106083,CO,M,REAL,,890,201701,201909
-76.55028,-7.05028,BELLAVISTA,107012,CO,M,REAL,,247,201701,201909
-76.57306,-6.80944,SAN PABLO,106091,CO,M,REAL,,270,201701,201909
-76.73,-6.51889,ALAO,106092,CO,M,REAL,,420,201701,201909
-76.76694,-6.90028,SAPOSOA,106032,CO,M,REAL,,320,201701,201909
-76.51722,-6.42278,LAMAS,106016,CO,M,REAL,,790,201701,201909
-76.30028,-6.33361,PONGO DE CAYNARACHI,100104,CO,M,REAL,,230,201701,201909
-76.6125,-6.41639,TABALOSOS,106043,CO,M,REAL,,480,201701,201909
-76.74139,-7.27056,HUAYABAMBA,230504,HLG,H,REAL,,310,201706,201909
-76.7775,-7.28111,PACHIZA,107010,CO,M,REAL,,380,201701,201909
-76.36667,-6.88333,PICOTA,230715,HLG,H,REAL,,220,201701,201909
-76.28056,-6.77861,PILLUANA,106098,CO,M,REAL,,195,201701,201909
-76.16667,-7,SHAMBOYACU,107091,PLU,M,REAL,,310,201711,201909
-76.16694,-7.00028,SHAMBOYACU,221813,HLG,H,REAL,,350,201711,201909
-76.25028,-6.93361,TINGO DE PONAZA,106119,CO,M,REAL,,225,201701,201909
-77.16694,-6.04667,RIOJA,106013,CO,M,REAL,,880,201701,201909
-76.46667,-6.5,TARAPOTO,100138,CO,M,REAL,,282,201701,201909
-76.09861,-6.56944,CHAZUTA,230601,HLM,H,REAL,,155,201701,201909
-76.09833,-6.56889,CHAZUTA,106101,CO,M,REAL,,160,201701,201909
-76.31694,-6.58361,EL PORVENIR,106040,MAP,M,REAL,,230,201701,201909
-76.20028,-6.69194,SAUCE,106017,CO,M,REAL,,580,201701,201909
-76.50789,-8.18475,PUENTE TOCACHE,230700,HLG,H,REAL,,508,201701,201909
-76.58049,-8.11524,TANANTA,100137,CP,M,REAL,,480,201709,201909
-70.45456,-17.63312,CORUCA,214901,HLG,H,REAL,,672,201707,201909
-70.25153,-18.02689,JORGE BASADRE,118004,MAP,M,REAL,,538,201701,201909
-70.52411,-18.20678,LA YARADA,118002,CP,M,REAL,,21,201701,201909
-70.18611,-17.94889,CALANA,117003,CP,M,REAL,,871,201701,201909
-70.48833,-17.78394,SAMA GRANDE,117018,CO,M,REAL,,534,201701,201909
-70.13889,-17.87889,CALIENTES,117015,CO,M,REAL,,1200,201706,201909
-69.62628,-17.57986,BOCATOMA,100007,CO,M,REAL,,4260,201805,201909
-70.25389,-17.27111,CANDARAVE,117019,CO,M,REAL,,3435,201701,201909
-70.51281,-17.41783,ILABAYA,117016,CO,M,REAL,,1375,201706,201909
-70.96583,-17.86389,ITE,117012,CO,M,REAL,,154,201701,201909
-70.03389,-17.47417,TARATA,117020,CO,M,REAL,,3050,201701,201909
-80.39504,-3.5038,PUERTO PIZARRO,103038,CO,M,REAL,,2,201802,201909
-80.56927,-3.62829,LA CRUZ,100072,CP,M,REAL,,7,201701,201909
-80.45667,-3.80233,EL TIGRE,103016,PLU,M,REAL,,45,201707,201909
-80.45685,-3.76848,EL TIGRE,200202,HLG,H,REAL,,44,201707,201909
-80.50546,-3.8119,RICA PLAYA,103036,CO,M,REAL,,68,201803,201909
-80.65058,-3.9391,CAÑAVERAL,103042,CO,M,REAL,,131,201701,201909
-80.23324,-3.56732,PAPAYAL,103040,CO,M,REAL,,50,201701,201909
-75.50639,-9.04222,AGUAYTIA,108028,CO,M,REAL,,319,201701,201909
-75.50449,-9.03738,PUENTE AGUAYTIA,231201,HLG,H,REAL,,278,201701,201909
-75.21639,-8.83444,SAN ALEJANDRO,100121,CO,M,REAL,,210,201701,201909
-75.21281,-8.83091,SAN ALEJANDRO,250103,HLM,H,REAL,,207,201701,201909
-74.86613,-8.58249,LAS PALMERAS DE UCAYALI,108026,CP,M,REAL,,170,201706,201909
-75.21306,-14.52648,RIO GRANDE,114006,CO,M,REAL,,325,201802,201909
-75.10407,-14.23731,PAMPA BLANCA,114066,PE,M,REAL,,1020,201709,201909
-75.71956,-13.64014,LETRAYOC,203601,HLG,H,REAL,,756,201707,201906
-75.96641,-13.74114,HACIENDA BERNALES,100046,CO,M,REAL,,293,201701,201909
-75.24194,-12.04806,PUENTE BREÑA,230931,HLG,H,REAL,,3220,201701,201909
-75.22083,-12.00417,SANTA ANA,112083,MAP,M,REAL,,3295,201701,201909
-75.23528,-12.16306,VIQUES,112037,CO,M,REAL,,3186,201701,201909
-75.05028,-11.58361,RUNATULLO,100119,CO,M,REAL,,3690,201701,201909
-75.12917,-11.74861,COMAS,111031,CO,M,REAL,,3640,201707,201909
-75.28778,-11.88083,INGENIO,111097,CO,M,REAL,,3390,201701,201909
-74.8325,-10.96556,PICHANAKY,110008,CO,M,REAL,,546,201701,201909
-75.34606,-11.20139,RIO TULUMAYO,250501,HLM,H,REAL,,1259,201803,201909
-75.48689,-11.78664,JAUJA,111005,CO,M,REAL,,3378,201701,201909
-75.52389,-11.53944,RICRAN,111095,CO,M,REAL,,3820,201701,201909
-75.98878,-11.14328,JUNIN,111583,CO,M,REAL,,4120,201701,201909
-74.6175,-11.22806,SATIPO,111038,CO,M,REAL,,660,201701,201909
-75.69028,-11.39694,TARMA,111029,CO,M,REAL,,3000,201701,201909
-75.62083,-11.26167,HUASAHUASI,111030,CO,M,REAL,,2750,201701,201909
-76.32487,-11.4044,MARCAPOMACOCHA,111028,CO,M,REAL,,4447,201707,201909
-76.40453,-11.34583,YANTAC,111076,CO,M,REAL,,4617,201809,201909
-75.95944,-11.56861,LA OROYA,111046,CO,M,REAL,,3910,201701,201909
-75.33806,-12.03833,HUAYAO,112056,CP,M,REAL,,3360,201701,201909
-75.43194,-12.125,SAN JUAN DE JARPA,112028,CO,M,REAL,,3600,201701,201909
-75.35528,-12.25222,LAIVE,112059,CO,M,REAL,,3860,201701,201909
-78.9851,-8.11203,TRUJILLO,108068,CO,M,REAL,,44,201705,201909
-79.56118,-7.11887,CHERREPE,100028,CO,M,REAL,,51,201802,201909
-78.47727,-7.76747,CALLANCAS,107054,CO,M,REAL,,1501,201707,201909
-78.6071,-8.00535,SALPO,108001,CO,M,REAL,,3418,201701,201909
-78.04013,-7.81916,HUAMACHUCO,107009,CO,M,REAL,,3186,201701,201909
-78.14938,-8.09184,CACHICADAN,108045,CO,M,REAL,,2900,201701,201909
-79.8355,-6.88613,REQUE,106046,CO,M,REAL,,13,201701,201909
-79.32062,-6.86394,OYOTUN,106109,CO,M,REAL,,187,201701,201909
-79.60002,-6.80141,SIPAN,106036,CO,M,REAL,,87,201701,201909
-79.54701,-6.88079,CAYALTI,106042,CP,M,REAL,,90,201701,201909
-79.90894,-6.73438,LAMBAYEQUE,106108,CP,M,REAL,,18,201701,201909
-79.76869,-6.33159,JAYANCA (LA VIÑA),106047,CO,M,REAL,,78,201701,201909
-79.81908,-5.83722,PASABAR,105076,CP,M,REAL,,124,201802,201909
-77.04317,-12.07053,CAMPO DE MARTE,112171,CP,M,REAL,,123,201802,201909
-76.68975,-11.92986,CHOSICA,111060,PLU,M,REAL,,867,201801,201909
-76.68973,-11.92983,CHOSICA,202906,HLG,H,REAL,,867,201701,201909
-76.84194,-11.98744,ÑAÑA,111023,CO,M,REAL,,543,201802,201909
-76.89441,-12.01281,PUENTE HUACHIPA,202910,HLM,H,REAL,,395,201802,201909
-79.09909,-7.25592,YONAN GORE,4726E508,EHA,H,AUTOMATICA,,454,201402,201909
-78.81339,-6.37914,CUTERVO GORE,4726A602,EMA,M,AUTOMATICA,,2616,201410,201909
-78.78432,-6.54049,TUNEL CHOTANO,47E1F02E,EHMA,H,AUTOMATICA,,2027,201501,201909
-78.66413,-5.94135,CUMBA,472B3006,EHA,H,AUTOMATICA,,449,201410,201909
-78.52363,-6.67996,BAMBAMARCA GORE,472680EE,EMA,M,AUTOMATICA,,2565,201410,201909
-78.54119,-6.66975,BAMBAMARCA H GORE,4726D092,EHA,H,AUTOMATICA,,2866,201410,201909
-78.73333,-6.66667,CHUGUR,4727F484,EMA,M,AUTOMATICA,,2744,201409,201909
-78.77418,-5.67667,JAEN GORE,47269398,EAMA,M,AUTOMATICA,,618,201410,201909
-78.69759,-5.45077,HUALLAPE,472A571A,EHA,H,AUTOMATICA,,409,201408,201909
-78.99989,-5.14422,SAN IGNACIO GORE,4726706A,EMA,M,AUTOMATICA,,1258,201402,201909
-78.17275,-7.32254,SAN MARCOS,4725E206,EMA,M,AUTOMATICA,,2287,201409,201909
-78.81392,-6.74456,TONGOD,47E207A4,EHMA,H,AUTOMATICA,,2488,201509,201909
-79.07395,-6.65579,CIRATO CAÑAD,47E1C5B4,EHMA,H,AUTOMATICA,,964,201501,201909
-79.07384,-6.65583,CIRATO,4724D566,EHMA,H,AUTOMATICA,,959,201410,201909
-78.91262,-6.58271,PUENTE AMBAN,47E1E358,EHMA,H,AUTOMATICA,,1532,201501,201909
-78.86721,-6.57489,CHANCAY BAÑOS,47E3055E,EMA,M,AUTOMATICA,,1645,201503,201909
-72.57419,-13.39471,SORAYPAMPA,47294362,EMA,M,AUTOMATICA,,3865,201410,201909
-72.95524,-13.33333,CALCA,472976F8,EMA,M,AUTOMATICA,,2924,201408,201909
-71.84111,-13.4275,NUEVO PISAC,472A6280,EHMA,M,AUTOMATICA,,2971,201409,201909
-71.23669,-14.23736,SICUANI,4726158C,EMA,M,AUTOMATICA,,3568,201410,201909
-71.23403,-14.16711,SALCCA,114118,EHA,H,AUTOMATICA,,3918,201401,201909
-71.01823,-13.92214,SIBINACOCHA,47E8B578,EMA,M,AUTOMATICA,,4895,201603,201909
-72.88333,-13.785,QUISOQUIPINA,472E025C,EMA,M,AUTOMATICA,,5192,201311,201909
-72.06289,-14.52328,MARCA CUNKA,114123,EMA,M,AUTOMATICA,,4099,201506,201909
-72.1,-14.45,SANTO TOMAS,4729A090,EMA,M,AUTOMATICA,,3658,201410,201909
-72.69172,-12.85644,QUILLABAMBA,4729B3E6,EAMA,M,AUTOMATICA,,1011,201404,201909
-72.82447,-12.24986,PONGO DE MAINIQUE GORE,112264,EMA,M,AUTOMATICA,,476,201312,201907
-72.61992,-13.02506,SAN PABLO,4729658E,EMA,M,AUTOMATICA,,1237,201410,201909
-73.83952,-12.52219,PICHARI,47E880E2,EMA,M,AUTOMATICA,,1090,201603,201909
-71.59741,-13.3177,PAUCARTAMBO,210007,EHA,H,AUTOMATICA,,2953,201608,201909
-71.61941,-13.19672,ACJANACO GORE,4722A338,EMA,M,AUTOMATICA,,3466,201410,201909
-70.89653,-13.50411,MARCAPATA GORE,4722B04E,EMA,M,AUTOMATICA,,1758,201409,201909
-72.34056,-13.2235,CHILCA,472A9204,EHA,H,AUTOMATICA,,2475,201501,201909
-72.43383,-13.22419,QORIHUAYRACHINA,4729867C,EMA,M,AUTOMATICA,,1580,201410,201909
-72.54585,-13.16655,MACHUPICCHU,472897F0,EMA,M,AUTOMATICA,,2548,201407,201909
-72.5605,-13.22431,INTIHUATANA M,472852EE,EMA,M,AUTOMATICA,,1780,201408,201909
-72.44881,-13.26581,HUAYLLABAMBA,4727C11E,EMA,M,AUTOMATICA,,3020,201405,201909
-72.49847,-13.23425,PACAYMAYO,4729950A,EMA,M,AUTOMATICA,,3606,201311,201909
-75.51019,-12.99,COCHAMARCA,4720CDF8,EAMA,M,AUTOMATICA,,3886,201609,201909
-75.40066,-13.78826,CHALLACA GORE,47284198,EHMA,H,AUTOMATICA,,1712,201207,201907
-75.16667,-14.03333,CORDOVA GORE,4728F216,EMA,M,AUTOMATICA,,3550,201306,201909
-75.39056,-13.79194,CHALLACA,472811E4,EMA,M,AUTOMATICA,,1880,201410,201909
-75.9425,-9.515,CHINCHAVITO,472D0552,EHA,H,AUTOMATICA,,744,201410,201909
-76.15111,-9.84694,TARUCA,472B730C,EHA,H,AUTOMATICA,,408,201410,201909
-76.76482,-9.40385,SAN MARTIN,4720EB14,EMA,M,AUTOMATICA,,3548,201609,201909
-76.35028,-9.18361,CACHICOTO,47E845FC,EMA,M,AUTOMATICA,,1109,201501,201909
-76.02778,-9.32,PUENTE BELLA,472DA5AA,EHA,H,AUTOMATICA,,663,201401,201909
-76.00207,-9.29601,TINGO MARIA,47270400,EHMA,H,AUTOMATICA,,646,201310,201909
-75.9825,-9.34694,PUENTE PEREZ,472D1624,EHA,H,AUTOMATICA,,644,199912,201909
-74.96083,-9.38139,PUERTO INCA,4727A4F8,EMA,M,AUTOMATICA,,253,201307,201909
-76.5909,-9.87895,PUCA PUCA,109094,EAMA,M,AUTOMATICA,,3584,201507,201909
-75.68206,-14.37839,OCUCAJE,47255188,EMA,M,AUTOMATICA,,324,201410,201909
-75.67022,-14.23739,BETA SANTIAGO,472A446C,EMA,M,AUTOMATICA,,386,201408,201909
-71.09062,-15.84266,IMATA,47E3834A,EMA,M,AUTOMATICA,,4475,201410,201909
-71.21333,-15.97861,PILLONES,47E373CE,EMA,M,AUTOMATICA,,4455,201410,201909
-71.11667,-15.81667,SUMBAY,472ED434,EHA,H,AUTOMATICA,,4403,201408,201909
-71.4638,-15.49422,SIBAYO,47265686,EHA,H,AUTOMATICA,,3902,201607,201909
-71.38955,-15.21331,COTACOTA,47E8A60E,EMA,M,AUTOMATICA,,4240,201506,201909
-71.9787,-14.7228,VISCA VISCA,114119,EAA,M,AUTOMATICA,,4247,201508,201909
-72.61056,-15.53597,COROPUNA,115150,EMA,M,AUTOMATICA,,5800,201802,201909
-72.89331,-15.21134,COTAHUASI,47280292,EMA,M,AUTOMATICA,,2683,201405,201909
-74.19889,-13.56184,PAMPA CANGALLO,4729D600,EMA,M,AUTOMATICA,,3315,201402,201909
-74.2642,-14.5423,CCONTACC,114122,EMA,M,AUTOMATICA,,3615,201407,201909
-74.40361,-14.66917,PAMPA GALERAS,114127,EMA,M,AUTOMATICA,,3998,201606,201909
-73.77917,-15.01139,CORA CORA,47262016,EMA,M,AUTOMATICA,,3200,201410,201909
-78.52073,-7.09094,RIO GRANDE GORE,472210B6,EHA,H,AUTOMATICA,,2906,201410,201909
-78.05111,-7.62167,CAJABAMBA GORE,4729F0EC,EMA,M,AUTOMATICA,,2480,201410,201909
-78.11317,-7.46335,CRISNEJAS,472A32FC,EHA,H,AUTOMATICA,,1996,201410,201909
-78.14487,-6.85303,CELENDIN GORE,4726631C,EMA,M,AUTOMATICA,,2602,201410,201909
-78.03025,-6.84461,BALSAS,472501F4,EHMA,H,AUTOMATICA,,871,201410,201909
-78.67588,-6.55405,CHOTA GORE,4726C3E4,EMA,M,AUTOMATICA,,2255,201410,201909
-78.96319,-6.45364,HUAMBOS,47E94706,EMA,M,AUTOMATICA,,2263,201503,201909
-79.27136,-6.61515,PUENTE SAN CARLOS,47E1D6C2,EHMA,H,AUTOMATICA,,334,201510,201909
-79.22389,-6.47906,LA MUCHAL,47E35522,EMA,M,AUTOMATICA,,1701,201510,201909
-78.72682,-7.38407,CASCABAMBA,472C92CA,EMA,M,AUTOMATICA,,3390,201401,201909
-78.83801,-7.21976,PUENTE CHILETE,4727470A,EHMA,M,AUTOMATICA,,848,201312,201909
-78.9033,-7.38133,GUZMANGO,472C81BC,EMA,M,AUTOMATICA,,2464,201312,201909
-77.75173,-9.04586,SAUCEPAMPA,109091,EAA,M,AUTOMATICA,,2980,201405,201909
-77.34388,-10.60597,YANAPAMPA PSI,472182DA,EHA,H,AUTOMATICA,,809,201408,201909
-77.45365,-9.72919,RECUAY,47259496,EMA,M,AUTOMATICA,,3431,201312,201909
-77.40607,-9.85243,PACHACOTO,47E89394,EMA,M,AUTOMATICA,,3723,201506,201909
-77.52504,-10.07116,SHAQUEK,110138,EMA,M,AUTOMATICA,,2979,201609,201909
-78.4894,-5.45096,PUENTE SALINAS AMOJAO,472B55E0,EHA,H,AUTOMATICA,,381,201410,201909
-78.53397,-5.66142,BAGUA,472C57D4,EAMA,M,AUTOMATICA,,397,201407,201909
-78.69208,-5.75461,CORRAL QUEMADO,472B607A,EHA,H,AUTOMATICA,,427,201410,201909
-78.18667,-5.88667,MAGUNCHAL,472B2370,EHA,H,AUTOMATICA,,675,201402,201909
-78.27598,-5.81968,NARANJITO,220907,EHA,H,AUTOMATICA,,500,201410,201909
-78.20828,-9.43372,BUENA VISTA,109096,EMA,M,AUTOMATICA,,213,201809,201909
-77.17529,-9.58598,CHAVIN,4725A10C,EMA,M,AUTOMATICA,,3140,201410,201909
-78.26172,-8.65793,CONDORCERRO PSI,211408,EHA,H,AUTOMATICA,,475,201410,201909
-72.57525,-13.56213,PUENTE CUNYA,472C44A2,EHA,H,AUTOMATICA,,1912,201608,201909
-72.85694,-13.60492,ABANCAY (G. SAN ANTONIO),47263360,EMA,M,AUTOMATICA,,2795,201410,201909
-73.82737,-13.43493,PUENTE PAMPAS,250900,EHA,H,AUTOMATICA,,1985,201711,201909
-73.68839,-13.63369,TANCAYLLO,113246,EAMA,M,AUTOMATICA,,3307,201603,201909
-71.49511,-16.31086,CHARCANI PSI,472147C4,EHA,H,AUTOMATICA,,2658,201410,201909
-71.57431,-16.45992,TINGO GRANDE,472EE1AE,EHA,H,AUTOMATICA,,2196,201410,201909
-71.32836,-16.58103,SAN JOSE DE UZUNA,47E3B6D0,EMA,M,AUTOMATICA,,3269,201410,201909
-72.00886,-16.58989,BOLLADERO,47E26242,EHA,H,AUTOMATICA,,994,201404,201909
-71.41481,-16.05542,PATAHUASI,47E360B8,EMA,M,AUTOMATICA,,4035,201410,201909
-71.72056,-16.25944,SOCOSANI,47E27134,EHA,H,AUTOMATICA,,2325,201410,201909
-73.1145,-16.427,OCOÑA,472D23BE,EHMA,H,AUTOMATICA,,23,201408,201909
-71.60169,-15.64163,CHIVAY,4723D752,EMA,M,AUTOMATICA,,3644,201410,201909
-71.88108,-16.03458,HUANCA,47E3A5A6,EMA,M,AUTOMATICA,,3065,201406,201909
-77.08447,-12.00889,SAN MARTIN DE PORRES,112265,EAA,M,AUTOMATICA,,56,201609,201909
-76.92,-12.16639,VILLA MARIA DEL TRIUNFO,112233,EAA,M,AUTOMATICA,,292,201610,201909
-76.56667,-11.4,HUAROS,4725F170,EMA,M,AUTOMATICA,,3585,201410,201909
-76.33042,-13.07475,CAÑETE,113249,EMA,M,AUTOMATICA,,116,201705,201909
-76.1945,-13.02825,SOCSI PSI,472191AC,EHA,H,AUTOMATICA,,310,200306,201909
-77.02833,-11.37,SANTO DOMINGO,47E214D2,EHMA,H,AUTOMATICA,,620,201409,201909
-76.65514,-11.23284,PIRCA,47E34654,EMA,M,AUTOMATICA,,3342,201410,201909
-76.65701,-11.22343,PUENTE CALLANTAMA,47E22148,EHA,H,AUTOMATICA,,2773,201410,201909
-76.80799,-11.34875,PALLAC EMA,47E31628,EMA,M,AUTOMATICA,,2367,201507,201909
-72.15266,-16.33565,EMA PAMPA DE MAJES,4729E39A,EMA,M,AUTOMATICA,,1498,201408,201909
-75.01237,-12.77163,HUANCAVELICA,472722EC,EMA,M,AUTOMATICA,,3715,201410,201909
-76.62455,-11.13916,VICHAYCOCHA,47E257D8,EHA,H,AUTOMATICA,,3533,201410,201909
-76.63487,-11.19827,SANTA CRUZ,47E330C4,EMA,M,AUTOMATICA,,3583,201501,201909
-76.76952,-11.38887,CALLANCA,47E244AE,EHA,H,AUTOMATICA,,2641,201409,201907
-76.77937,-11.19005,CARAC,47E323B2,EMA,M,AUTOMATICA,,2646,201510,201909
-76.7881,-11.20158,CUCHUANCA,47E2323E,EHA,H,AUTOMATICA,,2310,201409,201909
-76.37792,-11.83913,MATUCANA,472CE45A,EMA,M,AUTOMATICA,,2417,201408,201909
-76.25961,-11.73447,RIO BLANCO,212604,EHMA,H,AUTOMATICA,,3600,201711,201909
-76.23333,-11.63806,CASAPALCA,472D73C2,EMA,M,AUTOMATICA,,4233,201410,201909
-76.60639,-11.73361,AUTISHA,47A03AC4,EHA,H,AUTOMATICA,,2144,201811,201909
-76.30111,-11.76012,SAN MATEO ,212605,EHA,H,AUTOMATICA,,3156,201712,201909
-76.56359,-11.84696,SAN MATEO DE OTAO,472EC742,EMA,M,AUTOMATICA,,3513,201312,201909
-76.66664,-11.92,SANTA EULALIA,472E24B0,EHMA,M,AUTOMATICA,,970,201508,201909
-76.52415,-11.98311,SANTIAGO DE TUNA,472CA750,EMA,M,AUTOMATICA,,2924,201312,201909
-75.87215,-12.3444,CARANIA,472364DC,EMA,M,AUTOMATICA,,3820,201410,201909
-73.23694,-3.72722,ENAPU PERU,47252718,EHMA,H,AUTOMATICA,,126,201308,201909
-70.51206,-3.91125,CABALLOCOCHA,4727547C,EMA,M,AUTOMATICA,,107,201312,201909
-75.00632,-7.35254,CONTAMANA,47287402,EMA,M,AUTOMATICA,,185,200904,201909
-73.83556,-5.04264,REQUENA,4724E0FC,EMA,M,AUTOMATICA,,128,201406,201909
-69.5175,-12.93411,MALINOWSKY,47E8336C,EMA,M,AUTOMATICA,,215,201506,201909
-71.36446,-12.8312,SALVACION,47E8201A,EMA,M,AUTOMATICA,,542,201603,201909
-69.578,-10.95589,IÑAPARI,472587E0,EMA,M,AUTOMATICA,,244,201402,201909
-70.93167,-17.16917,MOQUEGUA,4723F1BE,EAMA,M,AUTOMATICA,,1450,201410,201909
-76.52927,-10.60641,12 DE OCTUBRE,110137,EAMA,M,AUTOMATICA,,3848,201507,201909
-74.94356,-10.28619,PUERTO BERMUDEZ,109093,EAMA,M,AUTOMATICA,,253,201504,201909
-80.11716,-4.71357,CHIPILLICO,47E0E1A2,EHA,M,AUTOMATICA,,340,201504,201909
-80.34703,-4.93848,TAMBO GRANDE,47E0522C,EHA,H,AUTOMATICA,,60,201412,201909
-79.61317,-4.74767,HUALCUY,47E281B0,EMA,M,AUTOMATICA,,1970,201410,201909
-79.71077,-4.63776,AYABACA,472606FA,EMA,M,AUTOMATICA,,2633,201410,201909
-79.94584,-4.63439,PAIMAS,472FC5B8,EMA,M,AUTOMATICA,,609,201410,201909
-79.99972,-4.79639,SAPILLICA,472FF022,EMA,M,AUTOMATICA,,1406,201410,201909
-80.16704,-4.29905,EL CIRUELO - ANA,47E9177A,EHA,H,AUTOMATICA,,243,201504,201909
-79.96412,-4.39338,PUENTE MACARA,47E0C74E,EHA,H,AUTOMATICA,,385,201410,201909
-80.16707,-4.29909,EL CIRUELO,4724B080,EHMA,H,AUTOMATICA,,243,201410,201909
-79.52542,-5.56599,HUARMACA,472761E6,EMA,M,AUTOMATICA,,2178,201408,201909
-79.60535,-5.40058,CANCHAQUE,472F86B2,EMA,M,AUTOMATICA,,1270,201412,201909
-80.17296,-5.1128,PUENTE ÑACARA,47E0415A,EHA,H,AUTOMATICA,,91,201501,201909
-80.16954,-5.10844,CHULUCANAS,472F6540,EMA,M,AUTOMATICA,,89,201412,201909
-79.83,-5.03389,CHALACO,472FB328,EMA,M,AUTOMATICA,,1791,201412,201909
-80.0162,-5.07954,SAN PEDRO,47E08444,EHA,H,AUTOMATICA,,240,201412,201909
-79.97107,-5.19465,MORROPON,472F7636,EMA,M,AUTOMATICA,,128,201412,201909
-79.83794,-5.34588,SALITRAL,472F95C4,EMA,M,AUTOMATICA,,169,201412,201909
-79.83761,-5.34602,SALITRAL EHA,47E067B6,EHA,H,AUTOMATICA,,156,201505,201909
-79.85794,-5.33977,MALACASI,472FA05E,EMA,M,AUTOMATICA,,153,201412,201909
-79.69924,-5.28985,HACIENDA BARRIOS,47E074C0,EHA,H,AUTOMATICA,,324,201412,201909
-81.02038,-4.87999,PUENTE SIMON RODRIGUEZ,47E0B1DE,EHA,H,AUTOMATICA,,12,201504,201909
-80.54717,-4.64288,LANCONES,472FD6CE,EMA,M,AUTOMATICA,,133,201504,201909
-80.39788,-4.48047,ALAMOR,47E0D438,EHA,H,AUTOMATICA,,116,201412,201909
-70.01208,-15.82625,PUNO,472DD33A,EMA,M,AUTOMATICA,,3812,201410,201909
-70.08333,-15.68333,ILLPA,472E4156,EMA,M,AUTOMATICA,,3827,201408,201909
-70.04589,-16.13592,LARAQUERI,472CB426,EMA,M,AUTOMATICA,,3928,201408,201909
-70.08281,-13.88492,UPINA,4721B992,EAMA,M,AUTOMATICA,,3878,201609,201909
-70.66759,-13.87279,AYMAÃ±A,4721AAE4,EAMA,M,AUTOMATICA,,4175,201609,201909
-69.62592,-16.08825,ILAVE,472E112A,EHMA,M,AUTOMATICA,,3850,201501,201909
-69.87381,-15.25544,PUENTE CARRETERA,47251282,EHA,H,AUTOMATICA,,3812,201410,201909
-70.67578,-15.48528,PAMPAHUTA,472DE6A0,EMA,M,AUTOMATICA,,4400,201410,201909
-70.6775,-15.74562,LAGUNILLAS,472E8448,EHMA,H,AUTOMATICA,,4177,201410,201909
-70.911,-15.76448,CRUCERO ALTO,47E3903C,EMA,M,AUTOMATICA,,4511,201410,201909
-70.59315,-15.23587,PALCA,472E37C6,EMA,M,AUTOMATICA,,4073,201506,201909
-70.17122,-15.47106,JULIACA,472CF72C,EMA,M,AUTOMATICA,,3826,201410,201909
-76.60001,-6.41291,SHANAO,210006,EHA,H,AUTOMATICA,,279,201608,201909
-76.73694,-7.26861,HUAYABAMBA,212600,EHA,H,AUTOMATICA,,280,201404,201909
-77.39328,-5.80997,NARANJILLO,4724851A,EMA,M,AUTOMATICA,,882,201408,201909
-76.31834,-6.58923,EL PORVENIR,4723013A,EMA,M,AUTOMATICA,,225,201410,201909
-76.50556,-8.18111,TOCACHE,47E2E456,EHMA,H,AUTOMATICA,,446,201408,201909
-70.15224,-17.96844,CERRO BLANCO,47E13530,EHA,H,AUTOMATICA,,885,201408,201909
-70.45456,-17.63312,CORUCA,47E1A052,EHA,H,AUTOMATICA,,834,201410,201909
-70.47178,-17.74313,LA TRANCA PSI,4722F344,EHA,H,AUTOMATICA,,629,201210,201909
-69.91656,-17.69071,CAPLINA,47E143A0,EHA,H,AUTOMATICA,,3561,201410,201909
-70.09888,-17.8151,CHALLATA,47E195C8,EHA,H,AUTOMATICA,,1482,201407,201909
-69.76485,-17.53886,REPRESA PAUCARANI,47E113DC,EHA,H,AUTOMATICA,,4587,201406,201909
-69.62672,-17.57994,BOCATOMA EL AYRO,47E2B42A,EMA,M,AUTOMATICA,,4258,201407,201909
-70.25519,-17.26708,CANDARAVE,47E2C2BA,EMA,M,AUTOMATICA,,3476,201410,201909
-70.28831,-17.11413,CORACHAY II,47E1654C,EHA,H,AUTOMATICA,,4146,201409,201909
-70.30828,-17.37072,LAGUNA ARICOTA,47E12646,EHA,M,AUTOMATICA,,2788,201406,201909
-70.54263,-17.47659,TICAPAMPA PSI,214800,EHA,H,AUTOMATICA,,1093,199912,201909
-70.03641,-17.4791,TARATA,47E2D1CC,EMA,M,AUTOMATICA,,3042,201407,201909
-69.66186,-17.30847,CHUAPALCA,47E292C6,EMA,M,AUTOMATICA,,4204,201404,201909
-70.17213,-17.47491,PUENTE TALAPALCA,47E150D6,EHA,H,AUTOMATICA,,2177,201408,201909
-69.93917,-17.19972,ANCOAQUE,117059,EHA,H,AUTOMATICA,,4395,201512,201909
-70.04305,-17.0788,VILACOTA,47E2A75C,EMA,M,AUTOMATICA,,4465,201410,201909
-70.00949,-17.23771,SALIDA TUNEL KOVIRE,47E1763A,EHA,H,AUTOMATICA,,4356,201410,201909
-69.94863,-17.3692,REPRESA JARUMAS,47E1B324,EHA,H,AUTOMATICA,,4548,201408,201909
-80.4609,-3.5709,PUENTE TUMBES,47E024BC,EHA,H,AUTOMATICA,,10,201410,201909
-80.42964,-3.55117,CAMPAMENTO SEDE,472EF2D8,EMA,M,AUTOMATICA,,12,201410,201909
-80.4575,-3.81333,RICA PLAYA,472F264A,EMA,M,AUTOMATICA,,113,201412,201909
-80.505,-3.99945,HUASIMO,472F43AC,EMA,M,AUTOMATICA,,602,201412,201909
-80.40182,-3.97594,CABO INGA,472F00A6,EMA,M,AUTOMATICA,,228,201412,201909
-80.39898,-3.97972,CABO INGA,47E01126,EHA,H,AUTOMATICA,,143,201412,201909
-80.45689,-3.7687,EL TIGRE,4724A3F6,EHMA,H,AUTOMATICA,,44,201409,201909
-80.65058,-3.93911,CAÑAVERAL,472F13D0,EMA,M,AUTOMATICA,,144,201412,201909
-80.19833,-3.68278,MATAPALO,472F353C,EMA,M,AUTOMATICA,,70,201410,201909
-74.49886,-7.89825,CALLERIA,47E86310,EMA,M,AUTOMATICA,,165,201503,201909
-70.75028,-9.75028,PUERTO ESPERANZA,47E87066,EMA,M,AUTOMATICA,,275,201504,201909
-75.74496,-13.65773,LETRAYOC PSI,213403,EHA,H,AUTOMATICA,,682,201410,201909
-75.06167,-11.92667,HUAYTAPALLANA,472DF5D6,EMA,M,AUTOMATICA,,4684,201410,201909
-74.70028,-11.23361,SATIPO,4725C4EA,EAMA,M,AUTOMATICA,,1370,200807,201909
-75.69028,-11.39694,TARMA,47257764,EMA,M,AUTOMATICA,,3200,201410,201909
-75.7557,-11.7328,CHACAPALPA,111288,EMA,M,AUTOMATICA,,3752,201512,201909
-76.32508,-11.40443,MARCAPOMACOCHA,472D9030,EMA,M,AUTOMATICA,,4447,201506,201909
-78.40242,-7.67042,LA FORTUNA,107131,EMA,M,AUTOMATICA,,3290,201612,201909
-78.38012,-7.79636,PUENTE COINA,472E74CC,EHMA,M,AUTOMATICA,,1812,201506,201909
-78.31184,-7.85642,CAPACHIQUE,472EB1D2,EMA,M,AUTOMATICA,,2904,201312,201909
-77.90148,-7.9123,TICAPAMPA,107130,EAA,M,AUTOMATICA,,2819,201606,201909
-78.3079,-8.00419,QUIRUVILCA,4727319A,EMA,M,AUTOMATICA,,4047,201410,201909
-78.81051,-7.54919,PUENTE PALMIRA,472E5220,EHMA,M,AUTOMATICA,,647,201506,201909
-78.82367,-7.47987,CASCAS,472EA2A4,EMA,M,AUTOMATICA,,1251,201312,201909
-78.70694,-7.57417,EL TAMBO,47E0A2A8,EHMA,M,AUTOMATICA,,700,201502,201909
-78.55135,-7.64333,LUCMA,472D552E,EMA,M,AUTOMATICA,,2219,201402,201909
-78.66725,-7.7635,MARMOT,472CC2B6,EAMA,M,AUTOMATICA,,2925,201406,201909
-79.42792,-6.65489,TINAJONES,47E2F720,EMA,M,AUTOMATICA,,181,201503,201909
-79.68203,-6.06692,MOTUPE,47201542,EMA,M,AUTOMATICA,,191,201410,201909
-79.98416,-5.53579,EL VIRREY,472F50DA,EMA,M,AUTOMATICA,,206,201412,201909
-79.81911,-5.83714,OLMOS,4726F67E,EMA,M,AUTOMATICA,,120,201410,201909
-77.15139,-11.77606,EMA-ANTONIO RAIMONDI,472A218A,EMA,M,AUTOMATICA,,47,201406,201909
-76.91861,-12.02611,SANTA ANITA,112271,EAA,M,AUTOMATICA,,362,200601,201903
-76.91861,-12.02611,ATE,112192,EAA,M,AUTOMATICA,,362,201609,201909
-77.03364,-11.90219,CARABAYLLO,111286,EAA,M,AUTOMATICA,,190,201609,201909
-77.0432,-12.07057,CAMPO DE MARTE,112181,EMA,M,AUTOMATICA,,124,201410,201909
-76.93931,-12.08221,VON HUMBOLDT,472AC278,EMA,M,AUTOMATICA,,247,201410,201909
-76.84194,-11.98744,ÑAÑA,111290,EMA,M,AUTOMATICA,,543,201711,201909
-76.68973,-11.92985,CHOSICA,47278214,EHMA,H,AUTOMATICA,,867,201409,201909
-77.00777,-12.10863,SAN BORJA,112270,EMA,M,AUTOMATICA,,136,200601,201903
-76.94883,-12.01689,HUACHIPA,112266,EAA,M,AUTOMATICA,,294,201612,201908
-76.99925,-11.98164,SAN JUAN DE LURIGANCHO,112267,EAA,M,AUTOMATICA,,240,201610,201909
